no,idItem,title,creador,idCreador,editor,idEditor,lugar,idLugar,fecha,idioma,material,tipoContenido,tipoObjeto,relacionadoCon,objectid,parentid,format,página_física,filename
,ZAC-001,Tapa dura de álbum,,,,,,,,,,,,,zac-001,,image/jpeg,001,zac-001.jpg
,ZAC-002-pagina,[TODO] Página 002 del álbum (contiene 2 documentos),,,,,,,,,,,,,zac-002-pagina,,compound_object,002,zac-002.jpg
1,ZAC-002-estampilla,Estampilla Fabbri Hermanos,[no disponible],[no disponible],Litografia y Tipografia Carlos Fabbri (Lima),https://viaf.org/viaf/169631729/,"Lima, Perú",https://www.wikidata.org/wiki/Q2868,[no disponible],spa,papel,imagen,estampilla,,zac-002-estampilla,zac-002-pagina,record,002,
2,ZAC-002-tarjeta,Tarjeta Señorita Zoila Cáceres,[no disponible],[no disponible],[no disponible],[no disponible],[no disponible],[no disponible],[no disponible],spa,cartón,texto,tarjeta,,zac-002-tarjeta,zac-002-pagina,record,002,
3,ZAC-003-foto,Fotografía de Zoila Aurora Cáceres,[no disponible],[no disponible],[no disponible],[no disponible],[no disponible],[no disponible],[no disponible],[no aplica],papel,imagen,recorte,,zac-003-foto,,image/jpeg,003,zac-003.jpg
,ZAC-004,Página en blanco,,,,,,,,,,,,,zac-004,,image/jpeg,004,zac-004.jpg
4,ZAC-005-foto,Fotografía de Andrés A. Cáceres,[no disponible],[no disponible],[no disponible],[no disponible],[no disponible],[no disponible],[no disponible],[no aplica],papel fotográfico,imagen,fotografía,,zac-005-foto,,image/jpeg,005,zac-005.jpg
5,ZAC-005/006-recorte1,Intelectuales latino americanos,Saint Just,[no disponible],América Literaria,[no disponible],"Lima, Perú",https://www.wikidata.org/wiki/Q2868,1903,spa,papel,texto,recorte,,zac-005-006-recorte1,,image/jpeg,005/006,zac-005-006.jpg
6,ZAC-006-recorte2,Nocturna,[no disponible],[no disponible],América Literaria,[no disponible],[no disponible],[no disponible],[no disponible],spa,papel,texto,recorte,,zac-006-recorte2,,image/jpeg,006,zac-006.jpg
,ZAC-007-pagina,[TODO] Página 007 del álbum (contiene 2 documentos),,,,,,,,,,,,,zac-007-pagina,,compound_object,007,zac-007.jpg
7,ZAC-007-recorte1,Americanismo,"Cáceres, Zoila Aurora, 1872-1958",https://www.wikidata.org/wiki/Q4822525,[no disponible],[no disponible],"París, Francia",https://www.wikidata.org/wiki/Q90,1906,spa,papel,texto,recorte,,zac-007-recorte1,zac-007-pagina,record,007,
8,ZAC-007-recorte2,Sentimientos,"Cáceres, Zoila Aurora, 1872-1958",https://www.wikidata.org/wiki/Q4822525,Penumbras,[no disponible],"Lima, Perú",https://www.wikidata.org/wiki/Q2868,[no disponible],spa,papel,texto,recorte,,zac-007-recorte2,zac-007-pagina,record,007,
9,ZAC-007/008-tarjeta,Tarjeta de invitación a banquete,[no disponible],[no disponible],[no disponible],[no disponible],"Roma, Italia",https://www.wikidata.org/wiki/Q220,1893-03-02,fra,cartón,texto,tarjeta,,zac-007-008-tarjeta,,image/jpeg,007/008,zac-007-008.jpg
10,ZAC-009-carta,Carta de Alfredo Palacios a Zoila Aurora Cáceres,"Palacios, Alfredo Lorenzo, 1878-1965",https://www.wikidata.org/wiki/Q2880118,[no aplica],[no aplica],[no disponible],[no disponible],1906-02,spa,papel,texto,carta,,zac-009-carta,,image/jpeg,009,zac-009.jpg
,ZAC-010-pagina,[TODO] Página 010 del álbum (contiene 2 documentos),,,,,,,,,,,,,zac-010-pagina,,compound_object,010,zac-010.jpg
11,ZAC-010-recorte1,Condiccion [sic] juridica de la mujer,"Cáceres, Zoila Aurora, 1872-1958",https://www.wikidata.org/wiki/Q4822525,[no disponible],[no disponible],[no disponible],[no disponible],[no disponible],spa,papel,texto,recorte,,zac-010-recorte1,zac-010-pagina,record,010,
12,ZAC-010-recorte2,Espíritu burlón,"Cáceres, Zoila Aurora, 1872-1958",https://www.wikidata.org/wiki/Q4822525,[no disponible],[no disponible],"Tacna, Perú",https://www.wikidata.org/wiki/Q272795,1899,spa,papel,texto,recorte,"ZAC-019-recorte2, ZAC-033-recorte, ZAC-222-recorte",zac-010-recorte2,zac-010-pagina,record,010,
13,ZAC-011/012-carta,Carta de Darío Perez a Zoila Aurora Cáceres,"Pérez García, Darío, 1869-1945",https://www.wikidata.org/wiki/Q28723513,"El Liberal (Barcelona, 1901-1935)",https://www.wikidata.org/wiki/Q28518824,"Barcelona, España",https://www.wikidata.org/wiki/Q1492,1902-05-13,spa,papel,texto,carta,,zac-011-012-carta,,image/jpeg,011/012,zac-011-012.jpg
,ZAC-013-pagina,[TODO] Página 013 del álbum (contiene 3 documentos),,,,,,,,,,,,,zac-013-pagina,,compound_object,013,zac-013.jpg
14,ZAC-013-recorte1,Las teologales. Caridad. Dictado para una velada de beneficencia,"Cáceres, Zoila Aurora, 1872-1958",https://www.wikidata.org/wiki/Q4822525,[no disponible],[no disponible],"Arica, Chile",https://www.wikidata.org/wiki/Q2203,1899,spa,papel,texto,recorte,"ZAC-027-recorte1, ZAC-113-recorte",zac-013-recorte1,zac-013-pagina,record,013,
15,ZAC-013-foto,Fotografía de Enrique Gómez Carrillo,[no disponible],[no disponible],[no disponible],[no disponible],[no disponible],[no disponible],[no disponible],[no aplica],papel,imagen,recorte,,zac-013-foto,zac-013-pagina,record,013,
16,ZAC-013-recorte2,Presentación de Zoila Aurora Cáceres como colaboradora en una publicación literaria,[no disponible],[no disponible],[no disponible],[no disponible],[no disponible],[no disponible],[no disponible],spa,papel,texto,recorte,"ZAC-027-recorte2, ZAC-013-recorte1",zac-013-recorte2,zac-013-pagina,record,013,
17,ZAC-014-carta,Carta de Helene Lange a Zoila Aurora Cáceres,"Lange, Helene, 1848-1930",https://www.wikidata.org/wiki/Q75209,[no aplica],[no aplica],"Berlín, Alemania",https://www.wikidata.org/wiki/Q651009,1902-11-18,fra,papel,texto,carta,ZAC-109/111-carta,zac-014-carta,,image/jpeg,014,zac-014.jpg
18,ZAC-015/016-recorte,¡Memento!,"Cáceres, Zoila Aurora, 1872-1958",https://www.wikidata.org/wiki/Q4822525,Literatura y Arte,[no disponible],[no disponible],[no disponible],[no disponible],spa,papel,texto,recorte,"ZAC-042/043-recorte1, ZAC-129-recorte2",zac-015-016-recorte,,image/jpeg,015/016,zac-015-016.jpg
19,ZAC-017/018-carta,Carta de María Luisa de Austria a Zoila Aurora Cáceres,"Maria Luisa Isenburg-Birstein, Fürstin 1845-1917",https://www.wikidata.org/wiki/Q3847395,[no aplica],[no aplica],"Schlackenwerth, República Checa",https://www.wikidata.org/wiki/Q987487,1902-11-15,ita,papel,texto,carta,,zac-017-018-carta,,image/jpeg,017/018,zac-017-018.jpg
,ZAC-019-pagina,[TODO] Página 019 del álbum (contiene 2 documentos),,,,,,,,,,,,,zac-019-pagina,,compound_object,019,zac-019.jpg
20,ZAC-019-recorte1,Perú,[no disponible],[no disponible],[no disponible],[no disponible],[no disponible],[no disponible],[no disponible],spa,papel,texto,recorte,,zac-019-recorte1,zac-019-pagina,record,019,
21,ZAC-019-recorte2,Espíritu burlón,"Cáceres, Zoila Aurora, 1872-1958",https://www.wikidata.org/wiki/Q4822525,[no disponible],[no disponible],"Tacna, Perú",https://www.wikidata.org/wiki/Q272795,1899,spa,papel,texto,recorte,"ZAC-010-recorte2, ZAC-033-recorte, ZAC-222-recorte",zac-019-recorte2,zac-019-pagina,record,019,
22,ZAC-020-tarjeta1,Tarjeta de invitación a banquete,[no disponible],[no disponible],[no disponible],[no disponible],"París, Francia",https://www.wikidata.org/wiki/Q90,1892-03-31,fra,cartón,texto,tarjeta,,zac-020-tarjeta1,,image/jpeg,020,zac-020.jpg
23,ZAC-020/021-tarjeta2,Tarjeta de presentación de José María Gutiérrez,"Gutiérrez, José María, 1831-1903",https://www.wikidata.org/wiki/Q2835582,[no disponible],[no disponible],[no disponible],[no disponible],1903-03-12,spa,cartón,texto,tarjeta,,zac-020-021-tarjeta2,,image/jpeg,020/021,zac-020-021.jpg
,ZAC-022-pagina,[TODO] Página 022 del álbum (contiene 2 documentos),,,,,,,,,,,,,zac-022-pagina,,compound_object,022,zac-022.jpg
24,ZAC-022-recorte1,Artículo sobre Zoila Aurora Cáceres,[no disponible],[no disponible],[no disponible],[no disponible],[no disponible],[no disponible],[no disponible],spa,papel,texto,recorte,,zac-022-recorte1,zac-022-pagina,record,022,
25,ZAC-022-recorte2,Zoila Aurora Cáceres,[no disponible],[no disponible],[no disponible],[no disponible],[no disponible],[no disponible],[no disponible],spa,papel,texto,recorte,,zac-022-recorte2,zac-022-pagina,record,022,
26,ZAC-023-carta,Carta de Enrico Piccione a Zoila Aurora Cáceres,"Piccione, Enrico, 1862-1929",https://www.wikidata.org/wiki/Q19441214,[no aplica],[no aplica],"Santiago, Chile",https://www.wikidata.org/wiki/Q2887,1901-09-25,spa,papel,texto,carta,,zac-023-carta,,image/jpeg,023,zac-023.jpg
27,ZAC-024-carta,Carta de L. Höcker a Zoila Aurora Cáceres,"Höcker, L.",[no disponible],[no aplica],[no aplica],"Berlín, Alemania",https://www.wikidata.org/wiki/Q64,[ininteligible],deu,papel,texto,carta,,zac-024-carta,,image/jpeg,024,zac-024.jpg
28,ZAC-025/026-carta,Carta a Zoila Aurora Cáceres,[ininteligible],,[no aplica],[no aplica],"Berlín, Alemania",https://www.wikidata.org/wiki/Q64,1902-11-11,deu,papel,texto,carta,,zac-025-026-carta,,image/jpeg,025/026,zac-025-026.jpg
,ZAC-027-pagina,[TODO] Página 027 del álbum (contiene 4 documentos),,,,,,,,,,,,,zac-027-pagina,,compound_object,027,zac-027.jpg
29,ZAC-027-recorte1,Las teologales. Caridad. Dictado para una velada de beneficencia,"Cáceres, Zoila Aurora, 1872-1958",https://www.wikidata.org/wiki/Q4822525,[no disponible],[no disponible],"Arica, Chile",https://www.wikidata.org/wiki/Q2203,1899,spa,papel,texto,recorte,"ZAC-013-recorte1, ZAC-113-recorte",zac-027-recorte1,zac-027-pagina,record,027,
30,ZAC-027-recorte2,Presentación de Zoila Aurora Cáceres como colaboradora en una publicación literaria,[no disponible],[no disponible],[no disponible],[no disponible],[no disponible],[no disponible],[no disponible],spa,papel,texto,recorte,"ZAC-013-recorte2, ZAC-027-recorte1",zac-027-recorte2,zac-027-pagina,record,027,
31,ZAC-027-foto,Fotografía de Zoila Aurora Cáceres,[no disponible],[no disponible],[no disponible],[no disponible],[no disponible],[no disponible],[no disponible],[no aplica],papel,imagen,recorte,,zac-027-foto,zac-027-pagina,record,027,
32,ZAC-027-recorte3,Flor del aire,"Cáceres, Zoila Aurora, 1872-1958",https://www.wikidata.org/wiki/Q4822525,[no disponible],[no disponible],"Lima, Perú",https://www.wikidata.org/wiki/Q2868,1900,spa,papel,texto,recorte,,zac-027-recorte3,zac-027-pagina,record,027,
33,ZAC-028/029-carta,Carta de la Baronesa de Wilson a Zoila Aurora Cáceres,"Wilson, Emilia Serrano, baronesa de, 1843-1922",https://www.wikidata.org/wiki/Q5830843,[no aplica],[no aplica],"Barcelona, España",https://www.wikidata.org/wiki/Q1492,1902-01-21,spa,papel,texto,carta,,zac-028-029-carta,,image/jpeg,028/029,zac-028-029.jpg
,ZAC-030-pagina,[TODO] Página 030 del álbum (contiene 2 documentos),,,,,,,,,,,,,zac-030-pagina,,compound_object,030,zac-030.jpg
34,ZAC-030-recorte,Notas sociales. De regreso,[no disponible],[no disponible],[no disponible],[no disponible],[no disponible],[no disponible],[no disponible],spa,papel,texto,recorte,,zac-030-recorte,zac-030-pagina,record,030,
35,ZAC-030-foto,Fotografía de Zoila Aurora Cáceres,[no disponible],[no disponible],[no disponible],[no disponible],[no disponible],[no disponible],[no disponible],[no aplica],papel,imagen,recorte,,zac-030-foto,zac-030-pagina,record,030,
36,ZAC-031/032-carta,Carta de Mariano José Madueño a Zoila Aurora Cáceres,"Madueño, Mariano José, 1854-1908",http://viaf.org/viaf/21151050030433411799,[no disponible],[no disponible],"Madrid, España",https://www.wikidata.org/wiki/Q2807,1900-11-24,spa,papel,texto,carta,,zac-031-032-carta,,image/jpeg,031/032,zac-031-032.jpg
37,ZAC-033-recorte,Espíritu burlón,"Cáceres, Zoila Aurora, 1872-1958",https://www.wikidata.org/wiki/Q4822525,[no disponible],[no disponible],"Tacna, Perú",https://www.wikidata.org/wiki/Q272795,[no disponible],spa,papel,texto,recorte,"ZAC-010-recorte2, ZAC-019-recorte2, ZAC-222-recorte",zac-033-recorte,,image/jpeg,033,zac-033.jpg
38,ZAC-033/034-tarjeta,Tarjeta de C. Carles,"Carles, C.",[no disponible],[no aplica],[no aplica],"Lima, Perú",https://www.wikidata.org/wiki/Q2868,[ininteligible],spa,cartón,texto,tarjeta,,zac-033-034-tarjeta,,image/jpeg,033/034,zac-033-034.jpg
39,ZAC-035/037-carta,Carta de V. Checa a Zoila Aurora Cáceres,"Checa, V.",[no disponible],[no aplica],[no aplica],"Buenos Aires, Argentina",https://www.wikidata.org/wiki/Q1486,1902-06-24,spa,papel,texto,carta,,zac-035-037-carta,,multiple,035/037,
,ZAC-035/037-carta-p1,Página 1 de 3,,,,,,,,,,,,,zac-035-037-carta-p1,zac-035-037-carta,image/jpeg,035,zac-035.jpg
,ZAC-035/037-carta-p2,Página 2 de 3,,,,,,,,,,,,,zac-035-037-carta-p2,zac-035-037-carta,image/jpeg,036,zac-036.jpg
,ZAC-035/037-carta-p3,Página 3 de 3,,,,,,,,,,,,,zac-035-037-carta-p3,zac-035-037-carta,image/jpeg,037,zac-037.jpg
40,ZAC-038-foto,Retrato al carboncillo de Zoila Aurora Cáceres,"Hernández Morillo, Daniel, 1856-1932",https://www.wikidata.org/wiki/Q3014183,[no disponible],[no disponible],[no disponible],[no disponible],[no disponible],[no aplica],papel fotográfico,imagen,fotografía,,zac-038-foto,,image/jpeg,038,zac-038.jpg
41,ZAC-039/040-tarjeta,Tarjeta de la revista Literatura y Arte a sus colegas y colaboradores literarios,"Díez de Medina, Eduardo, 1881-1955",https://www.wikidata.org/wiki/Q5340591,[no aplica],[no aplica],"La Paz, Bolivia",https://www.wikidata.org/wiki/Q1491,1902-01-01,spa,cartón,texto,tarjeta,,zac-039-040-tarjeta,,image/jpeg,039/040,zac-039-040.jpg
42,ZAC-039-carta,Carta de Benjamín Guzmán a Zoila Aurora Cáceres,"Guzmán C., Benjamín, 1873-",http://viaf.org/viaf/48276162,[no aplica],[no aplica],"Sucre, Bolivia",https://www.wikidata.org/wiki/Q2907,1900-09,spa,papel,texto,carta,,zac-039-carta,,image/jpeg,039,zac-039.jpg
43,ZAC-041-carta,Carta de Dorothea Hirschfeld a Zoila Aurora Cáceres,"Hirschfeld, Dorothea, 1877-1966",https://www.wikidata.org/wiki/Q15449918,[no aplica],[no aplica],"Berlín, Alemania",https://www.wikidata.org/wiki/Q64,1902-11-08,deu,papel,texto,carta,,zac-041-carta,,image/jpeg,041,zac-041.jpg
44,ZAC-042/043-recorte1,¡Memento!,"Cáceres, Zoila Aurora, 1872-1958",https://www.wikidata.org/wiki/Q4822525,Literatura y Arte,[no disponible],[no disponible],[no disponible],[no disponible],spa,papel,texto,recorte,"ZAC-015/016-recorte, ZAC-129-recorte2",zac-042-043-recorte1,,image/jpeg,042/043,zac-042-043.jpg
45,ZAC-042-recorte2,Nuestros grabados,[no disponible],[no disponible],Literatura y Arte,[no disponible],[no disponible],[no disponible],[no disponible],spa,papel,texto,recorte,,zac-042-recorte2,,image/jpeg,042,zac-042.jpg
46,ZAC-043-recorte3,Poder,"Mujía, Ricardo, 1861-",http://viaf.org/viaf/202348332,Literatura y Arte,[no disponible],[no disponible],[no disponible],[no disponible],spa,papel,texto,recorte,,zac-043-recorte3,,image/jpeg,043,zac-043.jpg
47,ZAC-044/048-carta,Carta de Juan Antonio Benlliure a Zoila Aurora Cáceres,"Benlliure, Juan Antonio, 1859-1930",https://www.wikidata.org/wiki/Q9015146,[no aplica],[no aplica],"Roma, Italia",https://www.wikidata.org/wiki/Q220,1895-09-24,spa,papel,texto,carta,ZAC-049-sobre,zac-044-048-carta,,multiple,044/048,
,ZAC-044/048-carta-p1,Página 1 de 5,,,,,,,,,,,,,zac-044-048-carta-p1,zac-044-048-carta,image/jpeg,044,zac-044.jpg
,ZAC-044/048-carta-p2,Página 2 de 5,,,,,,,,,,,,,zac-044-048-carta-p2,zac-044-048-carta,image/jpeg,045,zac-045.jpg
,ZAC-044/048-carta-p3,Página 3 de 5,,,,,,,,,,,,,zac-044-048-carta-p3,zac-044-048-carta,image/jpeg,046,zac-046.jpg
,ZAC-044/048-carta-p4,Página 4 de 5,,,,,,,,,,,,,zac-044-048-carta-p4,zac-044-048-carta,image/jpeg,047,zac-047.jpg
,ZAC-044/048-carta-p5,Página 5 de 5,,,,,,,,,,,,,zac-044-048-carta-p5,zac-044-048-carta,image/jpeg,048,zac-048.jpg
48,ZAC-049-sobre,Para la Señorita Zoyla Cácerez,"Benlliure, Juan Antonio, 1859-1930",https://www.wikidata.org/wiki/Q9015146,[no aplica],[no aplica],"Roma, Italia",https://www.wikidata.org/wiki/Q220,1895-09-24,spa,papel,objeto físico,sobre,ZAC-044/048-carta,zac-049-sobre,,image/jpeg,049,zac-049.jpg
49,ZAC-050/052-carta,Carta a Zoila Aurora Cáceres,[ininteligible],,[no aplica],[no aplica],"París, Francia",https://www.wikidata.org/wiki/Q90,1902-12-18,fra,papel,texto,carta,,zac-050-052-carta,,multiple,050/052,
,ZAC-050/052-carta-p1,Página 1 de 3,,,,,,,,,,,,,zac-050-052-carta-p1,zac-050-052-carta,image/jpeg,050,zac-050.jpg
,ZAC-050/052-carta-p2,Página 2 de 3,,,,,,,,,,,,,zac-050-052-carta-p2,zac-050-052-carta,image/jpeg,051,zac-051.jpg
,ZAC-050/052-carta-p3,Página 3 de 3,,,,,,,,,,,,,zac-050-052-carta-p3,zac-050-052-carta,image/jpeg,052,zac-052.jpg
50,ZAC-053-carta,Carta de María Ercilia Velar a Zoila Aurora Cáceres,"Velar, María Ercilia",[no disponible],[no aplica],[no aplica],"Buenos Aires, Argentina",https://www.wikidata.org/wiki/Q1486,1901-03-28,spa,papel,texto,carta,,zac-053-carta,,image/jpeg,053,zac-053.jpg
51,ZAC-054/056-carta,Carta de Katharina Littelmann a Zoila Aurora Cáceres,"Littelmann, Katharina",[no disponible],[no aplica],[no aplica],"Berlín, Alemania",https://www.wikidata.org/wiki/Q64,1902-10-20,fra,papel,texto,carta,,zac-054-056-carta,,multiple,054/056,
,ZAC-054/056-carta-p1,Página 1 de 3,,,,,,,,,,,,,zac-054-056-carta-p1,zac-054-056-carta,image/jpeg,054,zac-054.jpg
,ZAC-054/056-carta-p2,Página 2 de 3,,,,,,,,,,,,,zac-054-056-carta-p2,zac-054-056-carta,image/jpeg,055,zac-055.jpg
,ZAC-054/056-carta-p3,Página 3 de 3,,,,,,,,,,,,,zac-054-056-carta-p3,zac-054-056-carta,image/jpeg,056,zac-056.jpg
52,ZAC-057-foto,Fotografía de Zoila Aurora Cáceres,[no disponible],[no disponible],[no disponible],[no disponible],[no disponible],[no disponible],[no disponible],[no aplica],papel,imagen,recorte,,zac-057-foto,,image/jpeg,057,zac-057.jpg
53,ZAC-058/060-carta,Carta a Zoila Aurora Cáceres,[ininteligible],,[no disponible],[no disponible],"París, Francia",https://www.wikidata.org/wiki/Q90,1903-05-31,spa,papel,texto,carta,,zac-058-060-carta,,multiple,058/060,
,ZAC-058/060-carta-p1,Página 1 de 3,,,,,,,,,,,,,zac-058-060-carta-p1,zac-058-060-carta,image/jpeg,058,zac-058.jpg
,ZAC-058/060-carta-p2,Página 2 de 3,,,,,,,,,,,,,zac-058-060-carta-p2,zac-058-060-carta,image/jpeg,059,zac-059.jpg
,ZAC-058/060-carta-p3,Página 3 de 3,,,,,,,,,,,,,zac-058-060-carta-p3,zac-058-060-carta,image/jpeg,060,zac-060.jpg
54,ZAC-061-carta,Carta a Zoila Aurora Cáceres,[ininteligible],,[no aplica],[no aplica],"París, Francia",https://www.wikidata.org/wiki/Q90,[ininteligible],spa,papel,texto,carta,,zac-061-carta,,image/jpeg,061,zac-061.jpg
55,ZAC-062/063-carta,Carta a Zoila Aurora Cáceres,[ininteligible],[no disponible],[no aplica],[no aplica],"Berlín, Alemania",https://www.wikidata.org/wiki/Q64,1902-11-09,fra,papel,texto,carta,,zac-062-063-carta,,image/jpeg,062/063,zac-062-063.jpg
56,ZAC-064/066-carta,Carta de Mariano Benlliure a Zoila Aurora Cáceres,"Benlliure, Mariano, 1862-1947",https://www.wikidata.org/wiki/Q2402329,[no aplica],[no aplica],"Madrid, España",https://www.wikidata.org/wiki/Q2807,1902-07-18,spa,papel,texto,carta,,zac-064-066-carta,,multiple,064/066,
,ZAC-064/066-carta-p1,Página 1 de 3,,,,,,,,,,,,,zac-064-066-carta-p1,zac-064-066-carta,image/jpeg,064,zac-064.jpg
,ZAC-064/066-carta-p2,Página 2 de 3,,,,,,,,,,,,,zac-064-066-carta-p2,zac-064-066-carta,image/jpeg,065,zac-065.jpg
,ZAC-064/066-carta-p3,Página 3 de 3,,,,,,,,,,,,,zac-064-066-carta-p3,zac-064-066-carta,image/jpeg,066,zac-066.jpg
57,ZAC-067/068-carta,Carta de Charlette Adrianne Bédu a Zoila Aurora Cáceres,"Bédu, Charlette Adrianne",[no disponible],[no aplica],[no aplica],[no disponible],[no disponible],[no disponible],fra,papel,texto,carta,,zac-067-068-carta,,image/jpeg,067/068,zac-067-068.jpg
58,ZAC-069/071-carta,Carta a Zoila Aurora Cáceres,[ininteligible],[no disponible],[no aplica],[no aplica],[no disponible],[no disponible],[no disponible],eng,papel,texto,carta,,zac-069-071-carta,,multiple,069/071,
,ZAC-069/071-carta-p1,Página 1 de 3,,,,,,,,,,,,,zac-069-071-carta-p1,zac-069-071-carta,image/jpeg,069,zac-069.jpg
,ZAC-069/071-carta-p2,Página 2 de 3,,,,,,,,,,,,,zac-069-071-carta-p2,zac-069-071-carta,image/jpeg,070,zac-070.jpg
,ZAC-069/071-carta-p3,Página 3 de 3,,,,,,,,,,,,,zac-069-071-carta-p3,zac-069-071-carta,image/jpeg,071,zac-071.jpg
59,ZAC-072/073-postal,Tarjeta postal de Alfredo Palacios con dedicatoria a Zoila Aurora Cáceres,"Palacios, Alfredo Lorenzo, 1878-1965",https://www.wikidata.org/wiki/Q2880118,[no aplica],[no aplica],"Buenos Aires, Argentina",https://www.wikidata.org/wiki/Q1486,1906-02-08,spa,cartón,texto,tarjeta postal,,zac-072-073-postal,,image/jpeg,072/073,zac-072-073.jpg
60,ZAC-074/075-carta,Carta de Alfredo Palacios a Zoila Aurora Cáceres,"Palacios, Alfredo Lorenzo, 1878-1965",https://www.wikidata.org/wiki/Q2880118,[no aplica],[no aplica],"Buenos Aires, Argentina",https://www.wikidata.org/wiki/Q1486,1902-08-19,spa,papel,texto,carta,,zac-074-075-carta,,image/jpeg,074/075,zac-074-075.jpg
61,ZAC-076/078-carta,Carta a Zoila Aurora Cáceres,[ininteligible],,[no aplica],[no aplica],"París, Francia",https://www.wikidata.org/wiki/Q90,1902-09-18,fra,papel,texto,carta,,zac-076-078-carta,,multiple,076/078,
,ZAC-076/078-carta-p1,Página 1 de 3,,,,,,,,,,,,,zac-076-078-carta-p1,zac-076-078-carta,image/jpeg,076,zac-076.jpg
,ZAC-076/078-carta-p2,Página 2 de 3,,,,,,,,,,,,,zac-076-078-carta-p2,zac-076-078-carta,image/jpeg,077,zac-077.jpg
,ZAC-076/078-carta-p3,Página 3 de 3,,,,,,,,,,,,,zac-076-078-carta-p3,zac-076-078-carta,image/jpeg,078,zac-078.jpg
62,ZAC-079-carta,Carta de Ersilia Caetani Lovatelli a Zoila Aurora Cáceres,"Caetani-Lovatelli, Ersilia, 1840-1925",https://www.wikidata.org/wiki/Q1361810,[no aplica],[no aplica],[no disponible],[no disponible],[no disponible],fra,papel,texto,carta,,zac-079-carta,,image/jpeg,079,zac-079.jpg
63,ZAC-080-carta,Carta a Zoila Aurora Cáceres,[ininteligible],[no disponible],[no aplica],[no aplica],[no disponible],[no disponible],[no disponible],fra,papel,texto,carta,,zac-080-carta,,image/jpeg,080,zac-080.jpg
,ZAC-081-pagina,[TODO] Página 081 del álbum (contiene 2 documentos),,,,,,,,,,,,,zac-081-pagina,,compound_object,081,zac-081.jpg
64,ZAC-081-recorte,Americanismo,"Cáceres, Zoila Aurora, 1872-1958",https://www.wikidata.org/wiki/Q4822525,[no disponible],[no disponible],"París, Francia",https://www.wikidata.org/wiki/Q90,1906,spa,papel,texto,recorte,,zac-081-recorte,zac-081-pagina,record,081,
65,ZAC-081-carnet,Carné de Zoila Aurora Cáceres,École des Hautes Études Sociales. École Sociale,https://www.wikidata.org/wiki/Q3045917,[no disponible],[no disponible],"París, Francia",https://www.wikidata.org/wiki/Q90,1901/1902,fra,cartón,texto,carné de identidad,ZAC-103-carnet,zac-081-carnet,zac-081-pagina,record,081,
66,ZAC-082/083-carta,Carta de Rachel y Gustav Kahn a Zoila Aurora Cáceres,"Kahn, Rachel, 1860-1933",https://www.wikidata.org/wiki/Q110225331,[no aplica],[no aplica],"París, Francia",https://www.wikidata.org/wiki/Q90,[no disponible],fra,papel,texto,carta,,zac-082-083-carta,,image/jpeg,082/083,zac-082-083.jpg
67,ZAC-084-carta,Carta de M. Salvador Ulloa a Zoila Aurora Cáceres,"Ulloa, Manuel Salvador",http://viaf.org/viaf/25163510321010932092,[no aplica],[no aplica],"Tacna, Perú",https://www.wikidata.org/wiki/Q272795,1900-11-07,spa,papel,texto,carta,,zac-084-carta,,image/jpeg,084,zac-084.jpg
68,ZAC-085-foto,Fotografía en cementerio,[no disponible],[no disponible],[no disponible],[no disponible],[no disponible],[no disponible],[no disponible],[no aplica],papel fotográfico,imagen,fotografía,,zac-085-foto,,image/jpeg,085,zac-085.jpg
,ZAC-086-pagina,[TODO] Página 086 del álbum (contiene 4 documentos),,,,,,,,,,,,,zac-086-pagina,,compound_object,086,zac-086.jpg
69,ZAC-086-recorte1,De Marsella a Tokio por Gómez Carrillo,Evans,[no disponible],El Tiempo,[no disponible],[no disponible],[no disponible],[no disponible],spa,papel,texto,recorte,,zac-086-recorte1,zac-086-pagina,record,086,
70,ZAC-086-recorte2,L'arrivo dei pubblicisti francesi,[no disponible],[no disponible],"Il Secolo (Milán, 1866-1927)",https://www.wikidata.org/wiki/Q3792935,"Milán, Italia",https://www.wikidata.org/wiki/Q490,[no disponible],ita,papel,texto,recorte,,zac-086-recorte2,zac-086-pagina,record,086,
71,ZAC-086-recorte3,Hommage à M. Ferrero,[no disponible],[no disponible],[no disponible],[no disponible],[no disponible],[no disponible],[no disponible],fra,papel,texto,recorte,ZAC-086-recorte4,zac-086-recorte3,zac-086-pagina,record,086,
72,ZAC-086-recorte4,Noticia sobre homenaje a Guglielmo Ferrero,[no disponible],[no disponible],[no disponible],[no disponible],[no disponible],[no disponible],[no disponible],fra,papel,texto,recorte,ZAC-086-recorte3,zac-086-recorte4,zac-086-pagina,record,086,
,ZAC-087-pagina,[TODO] Página 087 del álbum (contiene 2 documentos),,,,,,,,,,,,,zac-087-pagina,,compound_object,087,zac-087.jpg
73,ZAC-087-tarjeta,Banquet offert par Latina à Madame Aurora Caceres,[no disponible],[no disponible],[no disponible],[no disponible],"París, Francia",https://www.wikidata.org/wiki/Q90,[no disponible],fra,cartón,texto,tarjeta,,zac-087-tarjeta,zac-087-pagina,record,087,
74,ZAC-087-recorte,Agustín Gómez Carrillo,"Macías del Real, Antonio, 1866-1939",https://www.wikidata.org/wiki/Q20007201,[no disponible],[no disponible],[no disponible],[no disponible],[no disponible],spa,papel,texto,recorte,,zac-087-recorte,zac-087-pagina,record,087,
,ZAC-088-pagina,[TODO] Página 088 del álbum (contiene 3 documentos),,,,,,,,,,,,,zac-088-pagina,,compound_object,088,zac-088.jpg
75,ZAC-088-recorte1,París. El marido de la Otero.,"Gómez Carrillo, Enrique, 1873-1927",https://www.wikidata.org/wiki/Q5379720,[no disponible],[no disponible],[no disponible],[no disponible],[no disponible],spa,papel,texto,recorte,,zac-088-recorte1,zac-088-pagina,record,088,
76,ZAC-088-recorte2,Le banquet Ferrero,[no disponible],[no disponible],[no disponible],[no disponible],[no disponible],[no disponible],[no disponible],fra,papel,texto,recorte,,zac-088-recorte2,zac-088-pagina,record,088,
77,ZAC-088-recorte3,Noticia sobre homenaje a Guglielmo Ferrero,[no disponible],[no disponible],[no disponible],[no disponible],[no disponible],[no disponible],[no disponible],fra,papel,texto,recorte,,zac-088-recorte3,zac-088-pagina,record,088,
78,ZAC-089/090-carta,Carta de V. Checa a Zoila Aurora Cáceres,"Checa, V.",[no disponible],[no aplica],[no aplica],"París, Francia",https://www.wikidata.org/wiki/Q90,1902-01-04,spa,papel,texto,carta,,zac-089-090-carta,,image/jpeg,089/090,zac-089-090.jpg
79,ZAC-091-foto,Fotografía de Federico A. Gutiérrez,[no disponible],[no disponible],[no aplica],[no aplica],[no disponible],[no disponible],[no disponible],[no aplica],papel fotográfico,imagen,fotografía,,zac-091-foto,,image/jpeg,091,zac-091.jpg
80,ZAC-091/092-carta,Carta de Federico A. Gutierrez a Zoila Aurora Cáceres,"Gutierrez, Federico A.",[no disponible],[no aplica],[no aplica],"Buenos Aires, Argentina",https://www.wikidata.org/wiki/Q1486,1899-01-10,spa,papel,texto,carta,,zac-091-092-carta,,image/jpeg,091/092,zac-091-092.jpg
81,ZAC-093-carta,Carta a Zoila Aurora Cáceres,[ininteligible],,[no aplica],[no aplica],"París, Francia",https://www.wikidata.org/wiki/Q90,1902-01-11,spa,papel,texto,carta,,zac-093-carta,,image/jpeg,093,zac-093.jpg
82,ZAC-094/095-carta,Carta de Eduardo Diez de Medina a Zoila Aurora Cáceres,"Díez de Medina, Eduardo, 1881-1955",https://www.wikidata.org/wiki/Q5340591,[no aplica],[no aplica],"La Paz, Bolivia",https://www.wikidata.org/wiki/Q1491,1900-04-17,spa,papel,texto,carta,,zac-094-095-carta,,image/jpeg,094/095,zac-094-095.jpg
,ZAC-096-pagina,[TODO] Página 096 del álbum (contiene 3 documentos),,,,,,,,,,,,,zac-096-pagina,,compound_object,096,zac-096.jpg
83,ZAC-096-recorte1,Maria Luisa,"Salomón Osorio, Alberto, 1877-1959",https://www.wikidata.org/wiki/Q5663560,"La Neblina: Artes y Letras (Lima, 1896-1897)",https://n2t.net/ark:/13960/s219q01rzh9,[no disponible],[no disponible],[no disponible],spa,papel,texto,recorte,,zac-096-recorte1,zac-096-pagina,record,096,
84,ZAC-096-recorte2,Alberto Salomón,J.M.B.,[no disponible],Letras,[no disponible],"Lima, Perú",https://www.wikidata.org/wiki/Q2868,1897,spa,papel,texto,recorte,,zac-096-recorte2,zac-096-pagina,record,096,
85,ZAC-096-recorte3,Besos de claustro,"Salomón Osorio, Alberto, 1877-1959",https://www.wikidata.org/wiki/Q5663560,[no disponible],[no disponible],[no disponible],[no disponible],[no disponible],spa,papel,texto,recorte,,zac-096-recorte3,zac-096-pagina,record,096,
,ZAC-097-pagina,[TODO] Página 097 del álbum (contiene 5 documentos),,,,,,,,,,,,,zac-097-pagina,,compound_object,097,zac-097.jpg
86,ZAC-097-recorte1,La cita muerta,"Salomón Osorio, Alberto, 1877-1959",https://www.wikidata.org/wiki/Q5663560,América Literaria,[no disponible],"Lima, Perú",https://www.wikidata.org/wiki/Q2868,1899,spa,papel,texto,recorte,,zac-097-recorte1,zac-097-pagina,record,097,
87,ZAC-097-recorte2,La tumbas violadas,"Salomón Osorio, Alberto, 1877-1959",https://www.wikidata.org/wiki/Q5663560,La Semana Literaria,[no disponible],"Lima, Perú",https://www.wikidata.org/wiki/Q2868,1899,spa,papel,texto,recorte,,zac-097-recorte2,zac-097-pagina,record,097,
88,ZAC-097-recorte3,La cita muerta,"Salomón Osorio, Alberto, 1877-1959",https://www.wikidata.org/wiki/Q5663560,La Semana Literaria,[no disponible],"Lima, Perú",https://www.wikidata.org/wiki/Q2868,1899,spa,papel,texto,recorte,,zac-097-recorte3,zac-097-pagina,record,097,
89,ZAC-097-recorte4,El ideal moderno,"Salomón Osorio, Alberto, 1877-1959",https://www.wikidata.org/wiki/Q5663560,[no disponible],[no disponible],"Lima, Perú",https://www.wikidata.org/wiki/Q2868,1901,spa,papel,texto,recorte,,zac-097-recorte4,zac-097-pagina,record,097,
90,ZAC-097-recorte5,Humo,"Salomón Osorio, Alberto, 1877-1959",https://www.wikidata.org/wiki/Q5663560,"La Neblina: Artes y Letras (Lima, 1896-1897)",https://n2t.net/ark:/13960/s219q01rzh9,"Lima, Perú",https://www.wikidata.org/wiki/Q2868,1895,spa,papel,texto,recorte,,zac-097-recorte5,zac-097-pagina,record,097,
91,ZAC-098/099-recorte,Canto patriótico,"Salomón Osorio, Alberto, 1877-1959",https://www.wikidata.org/wiki/Q5663560,"La Neblina: Artes y Letras (Lima, 1896-1897)",https://n2t.net/ark:/13960/s219q01rzh9,"Lima, Perú",https://www.wikidata.org/wiki/Q2868,1896,spa,papel,texto,recorte,,zac-098-099-recorte,,image/jpeg,098/099,zac-098-099.jpg
,ZAC-100-pagina,[TODO] Página 100 del álbum (contiene 2 documentos),,,,,,,,,,,,,zac-100-pagina,,compound_object,100,zac-100.jpg
92,ZAC-100-recorte1,La Roma joven,"Salomón Osorio, Alberto, 1877-1959",https://www.wikidata.org/wiki/Q5663560,El Faro,[no disponible],"Lima, Perú",https://www.wikidata.org/wiki/Q2868,1896-09-20,spa,papel,texto,recorte,,zac-100-recorte1,zac-100-pagina,record,100,
93,ZAC-100-recorte2,Reina blanca,"Salomón Osorio, Alberto, 1877-1959",https://www.wikidata.org/wiki/Q5663560,[no disponible],[no disponible],"Lima, Perú",https://www.wikidata.org/wiki/Q2868,[no disponible],spa,papel,texto,recorte,,zac-100-recorte2,zac-100-pagina,record,100,
,ZAC-101-pagina,[TODO] Página 101 del álbum (contiene 4 documentos),,,,,,,,,,,,,zac-101-pagina,,compound_object,101,zac-101.jpg
94,ZAC-101-recorte1,Ser (amor),"Salomón Osorio, Alberto, 1877-1959",https://www.wikidata.org/wiki/Q5663560,"La Neblina: Artes y Letras (Lima, 1896-1897)",https://n2t.net/ark:/13960/s219q01rzh9,"Lima, Perú",https://www.wikidata.org/wiki/Q2868,1896,spa,papel,texto,recorte,,zac-101-recorte1,zac-101-pagina,record,101,
95,ZAC-101-recorte2,Garra,"Salomón Osorio, Alberto, 1877-1959",https://www.wikidata.org/wiki/Q5663560,[no disponible],[no disponible],[no disponible],[no disponible],[no disponible],spa,papel,texto,recorte,,zac-101-recorte2,zac-101-pagina,record,101,
96,ZAC-101-recorte3,Monólogo del suicida con un revólver,"Salomón Osorio, Alberto, 1877-1959",https://www.wikidata.org/wiki/Q5663560,[no disponible],[no disponible],[no disponible],[no disponible],[no disponible],spa,papel,texto,recorte,,zac-101-recorte3,zac-101-pagina,record,101,
97,ZAC-101-foto,Fotografía de Alberto Salomón,[no disponible],[no disponible],[no disponible],[no disponible],[no disponible],[no disponible],[no disponible],[no aplica],papel,imagen,recorte,,zac-101-foto,zac-101-pagina,record,101,
98,ZAC-102-recorte,Cristo,"Salomón Osorio, Alberto, 1877-1959",https://www.wikidata.org/wiki/Q5663560,[no disponible],[no disponible],[no disponible],[no disponible],1897,spa,papel,texto,recorte,,zac-102-recorte,,image/jpeg,102,zac-102.jpg
99,ZAC-103/104-carta,Carta de Godofredo D. Coca a Zoila Aurora Cáceres,"Coca, Godofredo D.",http://viaf.org/viaf/120504373,[no aplica],[no aplica],"Buenos Aires, Argentina",https://www.wikidata.org/wiki/Q1486,1900-03-29,spa,papel,texto,carta,,zac-103-104-carta,,image/jpeg,103/104,zac-103-104.jpg
,ZAC-103-pagina,[TODO] Página 103 del álbum (contiene 2 documentos),,,,,,,,,,,,,zac-103-pagina,,compound_object,103,zac-103.jpg
100,ZAC-103-carnet,Carné de Zoila Aurora Cáceres,École des Hautes Études Sociales. École de Journalisme,https://www.wikidata.org/wiki/Q3045917,[no aplica],[no aplica],"París, Francia",https://www.wikidata.org/wiki/Q90,1902/1903,fra,cartón,texto,carné de identidad,ZAC-081-carnet,zac-103-carnet,zac-103-pagina,record,103,
101,ZAC-103-tarjeta,Tarjeta de Emma Vely,"Vely, Emma, 1848-1934",https://www.wikidata.org/wiki/Q15452068,[no disponible],[no disponible],"Berlín, Alemania",https://www.wikidata.org/wiki/Q64,[no disponible],deu,cartón,texto,tarjeta,,zac-103-tarjeta,zac-103-pagina,record,103,
102,ZAC-105/106-recorte,El discurso del Politeama. (El carácter nacional),"Salomón Osorio, Alberto, 1877-1959",https://www.wikidata.org/wiki/Q5663560,"El Comercio (Lima, 1839-)",https://www.wikidata.org/wiki/Q1324020,"Lima, Perú",https://www.wikidata.org/wiki/Q2868,[no disponible],spa,papel,texto,recorte,,zac-105-106-recorte,,image/jpeg,105/106,zac-105-106.jpg
,ZAC-107/108-pagina,[TODO] Página 107/108 del álbum (contiene 2 documentos),,,,,,,,,,,,,zac-107-108-pagina,,compound_object,107/108,zac-107-108.jpg
103,ZAC-107/108-tarjeta,Tarjeta de María Augusta Arana,"Arana, María Augusta",[no disponible],[no aplica],[no aplica],[no disponible],[no disponible],1904-09-26,spa,cartón,texto,tarjeta,,zac-107-108-tarjeta,zac-107-108-pagina,record,107/108,
104,ZAC-107/108-postal,Tarjeta postal a Zoila Aurora Cáceres,[ininteligible],,[no disponible],[no disponible],"París, Francia",https://www.wikidata.org/wiki/Q90,1902,spa,cartón,texto,tarjeta postal,,zac-107-108-postal,zac-107-108-pagina,record,107/108,
,ZAC-107-pagina,[TODO] Página 107 del álbum (contiene 2 documentos),,,,,,,,,,,,,zac-107-pagina,,compound_object,107,zac-107.jpg
105,ZAC-107-recorte,El indio (A Evangelina),"Quina Castañón, Pedro",[no disponible],[no disponible],[no disponible],"Tacna, Perú",https://www.wikidata.org/wiki/Q272795,1904,spa,papel,texto,recorte,,zac-107-recorte,zac-107-pagina,record,107,
106,ZAC-107-foto,Fotografía de Zoila Aurora Cáceres,[no disponible],[no disponible],[no disponible],[no disponible],[no disponible],[no disponible],[no disponible],[no aplica],papel,imagen,recorte,,zac-107-foto,zac-107-pagina,record,107,
107,ZAC-109/111-carta,Copia editada de artículo sobre Helene Lange y entrevista epistolar,[no disponible],[no disponible],[no aplica],[no aplica],[no disponible],[no disponible],1896-01-01,deu,papel,texto,carta,ZAC-014-carta,zac-109-111-carta,,multiple,109/111,
,ZAC-109/111-carta-p1,Página 1 de 3,,,,,,,,,,,,,zac-109-111-carta-p1,zac-109-111-carta,image/jpeg,109,zac-109.jpg
,ZAC-109/111-carta-p2,Página 2 de 3,,,,,,,,,,,,,zac-109-111-carta-p2,zac-109-111-carta,image/jpeg,110,zac-110.jpg
,ZAC-109/111-carta-p3,Página 3 de 3,,,,,,,,,,,,,zac-109-111-carta-p3,zac-109-111-carta,image/jpeg,111,zac-111.jpg
,ZAC-112-pagina,[TODO] Página 112 del álbum (contiene 2 documentos),,,,,,,,,,,,,zac-112-pagina,,compound_object,112,zac-112.jpg
108,ZAC-112-tela,Material textil estampado para Mademoiselle Zoila Caceres,[no disponible],[no disponible],[no disponible],[no disponible],[no disponible],[no disponible],[no disponible],fra,material textil estampado,objeto físico,objeto de recuerdo,,zac-112-tela,zac-112-pagina,record,112,
109,ZAC-112-carta,Carta del Consejo Nacional de Mujeres de la República Argentina a Zoila Aurora Cáceres,Consejo Nacional de Mujeres de la República Argentina,[no disponible],[no disponible],[no disponible],"Buenos Aires, Argentina",https://www.wikidata.org/wiki/Q1486,1904-11,spa,papel,texto,carta,,zac-112-carta,zac-112-pagina,record,112,
,ZAC-113-pagina,[TODO] Página 113 del álbum (contiene 2 documentos),,,,,,,,,,,,,zac-113-pagina,,compound_object,113,zac-113.jpg
110,ZAC-113-recorte,Las teologales. Caridad. Dictado para una velada de beneficencia,"Cáceres, Zoila Aurora, 1872-1958",https://www.wikidata.org/wiki/Q4822525,[no disponible],[no disponible],"Arica, Chile",https://www.wikidata.org/wiki/Q2203,1899,spa,papel,texto,recorte,"ZAC-013-recorte1, ZAC-027-recorte1",zac-113-recorte,zac-113-pagina,record,113,
111,ZAC-113-tarjeta,Tarjeta ilustrada Mademoiselle Zoïla Cacérès,[no disponible],[no disponible],[no disponible],[no disponible],[no disponible],[no disponible],[no disponible],fra,cartón,texto,tarjeta,,zac-113-tarjeta,zac-113-pagina,record,113,
112,ZAC-114/115-carta,Carta de Miguel M. Lima a Zoila Aurora Cácere,"Lima, Miguel M.",[no disponible],[no disponible],[no disponible],"Guayaquil, Ecuador",https://www.wikidata.org/wiki/Q43509,1900-10-01,spa,papel,texto,carta,,zac-114-115-carta,,image/jpeg,114/115,zac-114-115.jpg
113,ZAC-116-tarjeta,Tarjeta ilustrada Mademoiselle Z. Caceres,[no disponible],[no disponible],[no disponible],[no disponible],[no disponible],[no disponible],[no disponible],fra,cartón,texto,tarjeta,,zac-116-tarjeta,,image/jpeg,116,zac-116.jpg
114,ZAC-116/117-recorte,Plumas y lápices,"Matto de Turner, Clorinda, 1852-1909",https://www.wikidata.org/wiki/Q463299,[no disponible],[no disponible],[no disponible],[no disponible],[no disponible],spa,papel,texto,recorte,,zac-116-117-recorte,,image/jpeg,116/117,zac-116-117.jpg
115,ZAC-118/120-folleto,Folleto publicitario Hamburg Brasilien & La Plata,Hamburg Südamerkanische Dampfschifffahrts-Gesellschaft,https://www.wikidata.org/wiki/Q565050,[no aplica],[no aplica],"Montevideo, Uruguay",https://www.wikidata.org/wiki/Q1335,[no disponible],deu,cartón,imagen,folleto,,zac-118-120-folleto,,multiple,118/120,
,ZAC-118/120-folleto-p1,Página 1 de 3,,,,,,,,,,,,,zac-118-120-folleto-p1,zac-118-120-folleto,image/jpeg,118,zac-118.jpg
,ZAC-118/120-folleto-p2,Página 2 de 3,,,,,,,,,,,,,zac-118-120-folleto-p2,zac-118-120-folleto,image/jpeg,119,zac-119.jpg
,ZAC-118/120-folleto-p3,Página 3 de 3,,,,,,,,,,,,,zac-118-120-folleto-p3,zac-118-120-folleto,image/jpeg,120,zac-120.jpg
116,ZAC-121-recorte,Eva Angelina,"Muñoz, Margarita Práxedes, 1862-1909",https://www.wikidata.org/wiki/Q104777909,La Ilustración Sud-Americana,[no disponible],[no disponible],[no disponible],[no disponible],spa,papel,texto,recorte,,zac-121-recorte,,image/jpeg,121,zac-121.jpg
117,ZAC-121/122-recorte,Por la infancia,"Cáceres, Zoila Aurora, 1872-1958",https://www.wikidata.org/wiki/Q4822525,La Ilustración Sud-Americana,[no disponible],"Tacna, Perú",https://www.wikidata.org/wiki/Q272795,[no disponible],spa,papel,texto,recorte,,zac-121-122-recorte,,image/jpeg,121/122,zac-121-122.jpg
118,ZAC-122-recorte,Ariel. Por José Enrique Rodó,[no disponible],[no disponible],La Ilustración Sud-Americana,[no disponible],[no disponible],[no disponible],[no disponible],spa,papel,texto,recorte,,zac-122-recorte,,image/jpeg,122,zac-122.jpg
119,ZAC-123/125-carta,Carta a Zoila Aurora Cáceres,[ininteligible],,[no aplica],[no aplica],"Barcelona, España",https://www.wikidata.org/wiki/Q1492,1902-03,spa,papel,texto,carta,,zac-123-125-carta,,multiple,123/125,
,ZAC-123/125-carta-p1,Página 1 de 3,,,,,,,,,,,,,zac-123-125-carta-p1,zac-123-125-carta,image/jpeg,123,zac-123.jpg
,ZAC-123/125-carta-p2,Página 2 de 3,,,,,,,,,,,,,zac-123-125-carta-p2,zac-123-125-carta,image/jpeg,124,zac-124.jpg
,ZAC-123/125-carta-p3,Página 3 de 3,,,,,,,,,,,,,zac-123-125-carta-p3,zac-123-125-carta,image/jpeg,125,zac-125.jpg
120,ZAC-126/127-tarjeta1,Tarjeta de invitación a banquete,[no disponible],[no disponible],[no disponible],[no disponible],[no disponible],[no disponible],[no disponible],fra,cartón,texto,tarjeta,,zac-126-127-tarjeta1,,image/jpeg,126/127,zac-126-127.jpg
121,ZAC-126/128-carta,Carta de Vico a Zoila Aurora Cáceres,Vico,[no disponible],[no aplica],[no aplica],"Lima, Perú",https://www.wikidata.org/wiki/Q2868,[ininteligible],spa,papel,texto,carta,,zac-126-128-carta,,multiple,126/128,
,ZAC-126/128-carta-p1,Página 1 de 3,,,,,,,,,,,,,zac-126-128-carta-p1,zac-126-128-carta,image/jpeg,126,zac-126.jpg
,ZAC-126/128-carta-p2,Página 2 de 3,,,,,,,,,,,,,zac-126-128-carta-p2,zac-126-128-carta,image/jpeg,127,zac-127.jpg
,ZAC-126/128-carta-p3,Página 3 de 3,,,,,,,,,,,,,zac-126-128-carta-p3,zac-126-128-carta,image/jpeg,128,zac-128.jpg
122,ZAC-126-tarjeta2,Tarjeta Señorita Zoyla Cáceres,[no disponible],[no disponible],[no disponible],[no disponible],[no disponible],[no disponible],[no disponible],spa,cartón,texto,tarjeta,,zac-126-tarjeta2,,image/jpeg,126,zac-126.jpg
,ZAC-129-pagina,[TODO] Página 129 del álbum (contiene 2 documentos),,,,,,,,,,,,,zac-129-pagina,,compound_object,129,zac-129.jpg
123,ZAC-129-recorte1,Zoila Aurora Cáceres,[no disponible],[no disponible],"La Opinión Nacional (Lima, 1873-1913)",https://www.wikidata.org/wiki/Q80947786,[no disponible],[no disponible],[no disponible],spa,papel,texto,recorte,ZAC-129-recorte2,zac-129-recorte1,zac-129-pagina,record,129,
124,ZAC-129-recorte2,¡Memento!,"Cáceres, Zoila Aurora, 1872-1958",https://www.wikidata.org/wiki/Q4822525,"La Opinión Nacional (Lima, 1873-1913)",https://www.wikidata.org/wiki/Q80947786,[no disponible],[no disponible],[no disponible],spa,papel,texto,recorte,"ZAC-015/016-recorte, ZAC-042/043-recorte1",zac-129-recorte2,zac-129-pagina,record,129,
125,ZAC-130/131-tarjeta1,Tarjeta de invitación a banquete,[no disponible],[no disponible],[no disponible],[no disponible],"Ainhoa, Francia",https://www.wikidata.org/wiki/Q212962,1892-09-12,fra,cartón,texto,tarjeta,,zac-130-131-tarjeta1,,image/jpeg,130/131,zac-130-131.jpg
126,ZAC-130-tarjeta2,Tarjeta Mademoiselle Cacérès,[no disponible],[no disponible],[no disponible],[no disponible],[no disponible],[no disponible],[no disponible],fra,cartón,texto,tarjeta,,zac-130-tarjeta2,,image/jpeg,130,zac-130.jpg
127,ZAC-132-carta,Carta a Zoila Aurora Cáceres,[ininteligible],[no disponible],[no aplica],[no aplica],"París, Francia",https://www.wikidata.org/wiki/Q90,[no disponible],fra,papel,texto,carta,,zac-132-carta,,image/jpeg,132,zac-132.jpg
,ZAC-133-pagina,[TODO] Página 133 del álbum (contiene 5 documentos),,,,,,,,,,,,,zac-133-pagina,,compound_object,133,zac-133.jpg
128,ZAC-133-foto,Fotografía de niña,[no disponible],[no disponible],[no disponible],[no disponible],[no disponible],[no disponible],[no disponible],[no aplica],papel fotográfico,imagen,fotografía,,zac-133-foto,zac-133-pagina,record,133,
129,ZAC-133-recorte1,Texto (incompleto) de Alejandro Ghigliani,"Ghigliani, Alejandro",[no disponible],La Alborada,[no disponible],"Buenos Aires, Argentina",https://www.wikidata.org/wiki/Q1486,1899-11,spa,papel,texto,recorte,,zac-133-recorte1,zac-133-pagina,record,133,
130,ZAC-133-recorte2,Estrofas,"Grilo, Antonio",[no disponible],La Alborada,[no disponible],"Santiago, Chile",https://www.wikidata.org/wiki/Q2887,1899,spa,papel,texto,recorte,,zac-133-recorte2,zac-133-pagina,record,133,
132,ZAC-133-tarjeta1,Tarjeta Mademoiselle Z. Caceres,[no disponible],[no disponible],[no disponible],[no disponible],[no disponible],[no disponible],[no disponible],fra,cartón,texto,tarjeta,,zac-133-tarjeta1,zac-133-pagina,record,133,
133,ZAC-133-tarjeta2,Tarjeta Srta. Zoila Cáceres,[no disponible],[no disponible],[no disponible],[no disponible],[no disponible],[no disponible],1895-06-05,spa,cartón,texto,tarjeta,,zac-133-tarjeta2,zac-133-pagina,record,133,
131,ZAC-133/134-recorte3,¿Mujer ó mármol?,"Cáceres, Zoila Aurora, 1872-1958",https://www.wikidata.org/wiki/Q4822525,La Alborada,[no disponible],"Tacna, Perú",https://www.wikidata.org/wiki/Q272795,1899,spa,papel,texto,recorte,,zac-133-134-recorte3,,image/jpeg,133/134,zac-133-134.jpg
,ZAC-135/136-pagina,[TODO] Página 135/136 del álbum (contiene 2 documentos),,,,,,,,,,,,,zac-135-136-pagina,,compound_object,135/136,zac-135-136.jpg
134,ZAC-135/136-nota,Nota de Victor Margueritte,"Margueritte, Victor, 1866-1942",https://www.wikidata.org/wiki/Q2616465,[no aplica],[no aplica],"París, Francia",https://www.wikidata.org/wiki/Q90,[no disponible],fra,cartón,texto,nota,,zac-135-136-nota,zac-135-136-pagina,record,135/136,
135,ZAC-135/136-tarjeta,Tarjeta de invitación a banquete,[no disponible],[no disponible],[no disponible],[no disponible],"París, Francia",https://www.wikidata.org/wiki/Q90,[no disponible],fra,cartón,texto,tarjeta,,zac-135-136-tarjeta,zac-135-136-pagina,record,135/136,
,ZAC-137-pagina,[TODO] Página 137 del álbum (contiene 2 documentos),,,,,,,,,,,,,zac-137-pagina,,compound_object,137,zac-137.jpg
136,ZAC-137-recorte1,París. El voto de las mujeres,"Gómez Carrillo, Enrique, 1873-1927",https://www.wikidata.org/wiki/Q5379720,[no disponible],[no disponible],[no disponible],[no disponible],[no disponible],spa,papel,texto,recorte,,zac-137-recorte1,zac-137-pagina,record,137,
137,ZAC-137-recorte2,L´Ame Japonaise,"Liebrecht, Henri, 1884-1955",https://www.wikidata.org/wiki/Q3131489,[no disponible],[no disponible],[no disponible],[no disponible],[no disponible],fra,papel,texto,recorte,,zac-137-recorte2,zac-137-pagina,record,137,
138,ZAC-138/139-carta,Carta a Zoila Aurora Cáceres,[ininteligible],[no disponible],[no aplica],[no aplica],"París, Francia",https://www.wikidata.org/wiki/Q90,[no disponible],fra,papel,texto,carta,,zac-138-139-carta,,image/jpeg,138/139,zac-138-139.jpg
139,ZAC-140-carta,Carta de Xavier de Carvalho a Zoila Aurora Cáceres,"Carvalho, Xavier de, 1862-1919",https://www.wikidata.org/wiki/Q110087177,[no aplica],[no aplica],"París, Francia",https://www.wikidata.org/wiki/Q90,[no disponible],fra,papel,texto,carta,,zac-140-carta,,image/jpeg,140,zac-140.jpg
140,ZAC-141/143-carta,Carta a Zoila Aurora Cáceres,[ininteligible],[no disponible],[no aplica],[no aplica],"París, Francia",https://www.wikidata.org/wiki/Q90,[no disponible],fra,papel,texto,carta,,zac-141-143-carta,,multiple,141/143,
,ZAC-141/143-carta-p1,Página 1 de 3,,,,,,,,,,,,,zac-141-143-carta-p1,zac-141-143-carta,image/jpeg,141,zac-141.jpg
,ZAC-141/143-carta-p2,Página 2 de 3,,,,,,,,,,,,,zac-141-143-carta-p2,zac-141-143-carta,image/jpeg,142,zac-142.jpg
,ZAC-141/143-carta-p3,Página 3 de 3,,,,,,,,,,,,,zac-141-143-carta-p3,zac-141-143-carta,image/jpeg,143,zac-143.jpg
141,ZAC-144-recorte,Evangelina y Gómez Carrillo,[no disponible],[no disponible],Actualidades,[no disponible],[no disponible],[no disponible],[no disponible],spa,papel,texto,recorte,,zac-144-recorte,,image/jpeg,144,zac-144.jpg
142,ZAC-145/146-carta,Carta a Zoila Aurora Cáceres,[ininteligible],[no disponible],[no disponible],[no disponible],"París, Francia",https://www.wikidata.org/wiki/Q90,1902-02-06,fra,papel,texto,carta,,zac-145-146-carta,,image/jpeg,145/146,zac-145-146.jpg
143,ZAC-147-recorte1,Rubén Darío,"Bonafoux, Luis, 1855-1918",https://www.wikidata.org/wiki/Q5982933,[no disponible],[no disponible],"Asnières, Francia",[no disponible],1906-10,spa,papel,texto,recorte,,zac-147-recorte1,,image/jpeg,147,zac-147.jpg
144,ZAC-147/148-recorte2,Gómez Carrillo (La felicidad),"Darío, Rubén, 1867-1916",https://www.wikidata.org/wiki/Q173767,[no disponible],[no disponible],[no disponible],[no disponible],[no disponible],spa,papel,texto,recorte,,zac-147-148-recorte2,,image/jpeg,147/148,zac-147-148.jpg
,ZAC-148-pagina,[TODO] Página 148 del álbum (contiene 2 documentos),,,,,,,,,,,,,zac-148-pagina,,compound_object,148,zac-148.jpg
145,ZAC-148-recorte3,D. Ricardo Blasco,"Nordau, Max, 1849-1923",https://www.wikidata.org/wiki/Q472270,[no disponible],[no disponible],"París, Francia",https://www.wikidata.org/wiki/Q90,1906-10,spa,papel,texto,recorte,,zac-148-recorte3,zac-148-pagina,record,148,
146,ZAC-148-recorte4,Fernando Mora,"Bellido, F.",[no disponible],[no disponible],[no disponible],[no disponible],[no disponible],[no disponible],spa,papel,texto,recorte,,zac-148-recorte4,zac-148-pagina,record,148,
,ZAC-149-pagina,[TODO] Página 149 del álbum (contiene 2 documentos),,,,,,,,,,,,,zac-149-pagina,,compound_object,149,zac-149.jpg
147,ZAC-149-recorte,Le banquet Ferrero,G.B.,[no disponible],[no disponible],[no disponible],[no disponible],[no disponible],[no disponible],fra,papel,texto,recorte,"ZAC-086-recorte3, ZAC-086-recorte4, ZAC-088-recorte2, ZAC-088-recorte3",zac-149-recorte,zac-149-pagina,record,149,
148,ZAC-149-tarjeta,Souvenir du gala-kermesse,Fondation Alphonse XIII,[no disponible],[no disponible],[no disponible],[no disponible],[no disponible],1906-11-18,fra,cartón,texto,tarjeta,,zac-149-tarjeta,zac-149-pagina,record,149,
,ZAC-150-pagina,[TODO] Página 150 del álbum (contiene 2 documentos),,,,,,,,,,,,,zac-150-pagina,,compound_object,150,zac-150.jpg
149,ZAC-150-recorte1,Una boda literaria,"Mora, F.",[no disponible],"ABC (Madrid, 1903-)",https://www.wikidata.org/wiki/Q287076,"París, Francia",https://www.wikidata.org/wiki/Q90,1905-06-04,spa,papel,texto,recorte,,zac-150-recorte1,zac-150-pagina,record,150,
150,ZAC-150-recorte2,Una boda literaria,[no disponible],[no disponible],"ABC (Madrid, 1903-)",https://www.wikidata.org/wiki/Q287076,"París, Francia",https://www.wikidata.org/wiki/Q90,1905-06-03,spa,papel,texto,recorte,,zac-150-recorte2,zac-150-pagina,record,150,
151,ZAC-151-recorte,Gaston Routier,"Pietri-Daudet, A.",[no disponible],[no disponible],[no disponible],[no disponible],[no disponible],[no disponible],fra,papel,texto,recorte,,zac-151-recorte,,image/jpeg,151,zac-151.jpg
152,ZAC-152/153-carta,Carta de José Pardo a Zoila Aurora Cáceres,"Pardo y Barreda, José, 1864-1947",https://www.wikidata.org/wiki/Q136632,[no aplica],[no aplica],"Lima, Perú",https://www.wikidata.org/wiki/Q2868,1905-06-02,spa,papel,texto,carta,,zac-152-153-carta,,image/jpeg,152/153,zac-152-153.jpg
153,ZAC-154-recorte,Perú,[no disponible],[no disponible],[no disponible],[no disponible],[no disponible],[no disponible],1906-03,spa,papel,texto,recorte,,zac-154-recorte,,image/jpeg,154,zac-154.jpg
154,ZAC-155-recorte,Nueva institución peruana,[no disponible],[no disponible],"La Voz del Sur (Tacna, 1893-1911)",[no disponible],[no disponible],[no disponible],1905-09-30,spa,papel,texto,recorte,,zac-155-recorte,,image/jpeg,155,zac-155.jpg
155,ZAC-156-tela,"Anniversaire ""Alger-Toulon""",[no disponible],[no disponible],[no disponible],[no disponible],[no disponible],[no disponible],1906-05-13,fra,material textil estampado,objeto físico,objeto conmemorativo,,zac-156-tela,,image/jpeg,156,zac-156.jpg
156,ZAC-157/158-carta,Carta de L. Margueritte a Zoila Aurora Cáceres,"Margueritte, L.",[no disponible],[no aplica],[no aplica],"París, Francia",https://www.wikidata.org/wiki/Q90,[no disponible],fra,papel,texto,carta,,zac-157-158-carta,,image/jpeg,157/158,zac-157-158.jpg
157,ZAC-159/160-recorte,Cartas de París,"Cáceres, Zoila Aurora, 1872-1958",https://www.wikidata.org/wiki/Q4822525,[no disponible],[no disponible],"París, Francia",https://www.wikidata.org/wiki/Q90,1901,spa,papel,texto,recorte,,zac-159-160-recorte,,image/jpeg,159/160,zac-159-160.jpg
158,ZAC-161-carta,Carta a Zoila Aurora Cáceres,[ininteligible],[no disponible],[no aplica],[no aplica],"París, Francia",https://www.wikidata.org/wiki/Q90,[no disponible],fra,papel,texto,carta,,zac-161-carta,,image/jpeg,161,zac-161.jpg
159,ZAC-162/169-recorte,L'Ame Japonaise,"Duc, Lucien, 1849-1915",https://www.wikidata.org/wiki/Q12949553,"La Province (París, 1879-1914)",https://www.wikidata.org/wiki/Q1187449111,"París, Francia",https://www.wikidata.org/wiki/Q90,[no disponible],fra,papel,texto,recorte,,zac-162-169-recorte,,multiple,162/169,
,ZAC-162/169-recorte-p1,Página 1 de 8,,,,,,,,,,,,,zac-162-169-recorte-p1,zac-162-169-recorte,image/jpeg,162,zac-162.jpg
,ZAC-162/169-recorte-p2,Página 2 de 8,,,,,,,,,,,,,zac-162-169-recorte-p2,zac-162-169-recorte,image/jpeg,163,zac-163.jpg
,ZAC-162/169-recorte-p3,Página 3 de 8,,,,,,,,,,,,,zac-162-169-recorte-p3,zac-162-169-recorte,image/jpeg,164,zac-164.jpg
,ZAC-162/169-recorte-p4,Página 4 de 8,,,,,,,,,,,,,zac-162-169-recorte-p4,zac-162-169-recorte,image/jpeg,165,zac-165.jpg
,ZAC-162/169-recorte-p5,Página 5 de 8,,,,,,,,,,,,,zac-162-169-recorte-p5,zac-162-169-recorte,image/jpeg,166,zac-166.jpg
,ZAC-162/169-recorte-p6,Página 6 de 8,,,,,,,,,,,,,zac-162-169-recorte-p6,zac-162-169-recorte,image/jpeg,167,zac-167.jpg
,ZAC-162/169-recorte-p7,Página 7 de 8,,,,,,,,,,,,,zac-162-169-recorte-p7,zac-162-169-recorte,image/jpeg,168,zac-168.jpg
,ZAC-162/169-recorte-p8,Página 8 de 8,,,,,,,,,,,,,zac-162-169-recorte-p8,zac-162-169-recorte,image/jpeg,169,zac-169.jpg
160,ZAC-170-recorte,L'Idéal,"Duminy, Marcel",[no disponible],"La Province (París, 1879-1914)",https://www.wikidata.org/wiki/Q1187449111,"París, Francia",https://www.wikidata.org/wiki/Q90,[no disponible],fra,papel,texto,recorte,,zac-170-recorte,,image/jpeg,170,zac-170.jpg
,ZAC-171-pagina,[TODO] Página 171 del álbum (contiene 2 documentos),,,,,,,,,,,,,zac-171-pagina,,compound_object,171,zac-171.jpg
161,ZAC-171-recorte,De Marsella a Tokio y El Alma Japonesa. De Gómez Carrillo.,[no disponible],[no disponible],[no disponible],[no disponible],[no disponible],[no disponible],[no disponible],spa,papel,texto,recorte,,zac-171-recorte,zac-171-pagina,record,171,
162,ZAC-171-foto,Fotografía de Enrique Gómez Carrillo,[no disponible],[no disponible],[no disponible],[no disponible],[no disponible],[no disponible],[no disponible],[no aplica],papel fotográfico,imagen,fotografía,,zac-171-foto,zac-171-pagina,record,171,
163,ZAC-172/173-carta,Carta a Zoila Aurora Cáceres,[ininteligible],[no disponible],[no aplica],[no aplica],"París, Francia",https://www.wikidata.org/wiki/Q90,[no disponible],fra,papel,texto,carta,,zac-172-173-carta,,image/jpeg,172/173,zac-172-173.jpg
164,ZAC-174-recorte,París. El vino de los asesinos,"Gómez Carrillo, Enrique, 1873-1927",https://www.wikidata.org/wiki/Q5379720,[no disponible],[no disponible],[no disponible],[no disponible],[no disponible],spa,papel,texto,recorte,,zac-174-recorte,,image/jpeg,174,zac-174.jpg
165,ZAC-175-recorte,Carnet Mondain,[no disponible],[no disponible],L'Amerique Latine,[no disponible],"París, Francia",https://www.wikidata.org/wiki/Q90,1908-04,fra,papel,texto,recorte,,zac-175-recorte,,image/jpeg,175,zac-175.jpg
166,ZAC-175/176-postal,Tarjeta postal a Zoila Aurora Cáceres,[ininteligible],[no disponible],[no disponible],[no disponible],"París, Francia",https://www.wikidata.org/wiki/Q90,[ininteligible],fra,cartón,texto,tarjeta postal,,zac-175-176-postal,,image/jpeg,175/176,zac-175-176.jpg
167,ZAC-177/178-recorte1,Enrique Gómez Carrillo,"Battle, Carlos de",[no disponible],"Les Cinq Langues (París, 1901-1910)",https://n2t.net/ark:/13960/t37086w5c,"París, Francia",https://www.wikidata.org/wiki/Q90,1906-12-05,spa,papel,texto,recorte,,zac-177-178-recorte1,,image/jpeg,177/178,zac-177-178.jpg
168,ZAC-178/180-recorte2,El culto de la cortesía,"Gómez Carrillo, Enrique, 1873-1927",https://www.wikidata.org/wiki/Q5379720,"Les Cinq Langues (París, 1901-1910)",https://n2t.net/ark:/13960/t37086w5c,"París, Francia",https://www.wikidata.org/wiki/Q90,1906-12-05,spa,papel,texto,recorte,,zac-178-180-recorte2,,multiple,178/180,
,ZAC-178/180-recorte2-p1,Página 1 de 3,,,,,,,,,,,,,zac-178-180-recorte2-p1,zac-178-180-recorte2,image/jpeg,178,zac-178.jpg
,ZAC-178/180-recorte2-p2,Página 2 de 3,,,,,,,,,,,,,zac-178-180-recorte2-p2,zac-178-180-recorte2,image/jpeg,179,zac-179.jpg
,ZAC-178/180-recorte2-p3,Página 3 de 3,,,,,,,,,,,,,zac-178-180-recorte2-p3,zac-178-180-recorte2,image/jpeg,180,zac-180.jpg
169,ZAC-180-recorte3,Á un Poste telegráfico,"Blanco-Belmonte, Marcos Rafael, 1871-1936",https://www.wikidata.org/wiki/Q15831581,"Les Cinq Langues (París, 1901-1910)",https://n2t.net/ark:/13960/t37086w5c,"París, Francia",https://www.wikidata.org/wiki/Q90,1906-12-05,spa,papel,texto,recorte,,zac-180-recorte3,,image/jpeg,180,zac-180.jpg
170,ZAC-181/182-recorte4,"""El Alma Japonesa"" de Gómez Carrillo","Faguet, Émile, 1847-1916",https://www.wikidata.org/wiki/Q551543,"Les Cinq Langues (París, 1901-1910)",https://n2t.net/ark:/13960/t37086w5c,"París, Francia",https://www.wikidata.org/wiki/Q90,1906-12-05,spa,papel,texto,recorte,,zac-181-182-recorte4,,image/jpeg,181/182,zac-181-182.jpg
171,ZAC-182-recorte5,Lo insepultable,[no disponible],[no disponible],"Les Cinq Langues (París, 1901-1910)",https://n2t.net/ark:/13960/t37086w5c,"París, Francia",https://www.wikidata.org/wiki/Q90,1906-12-05,spa,papel,texto,recorte,,zac-182-recorte5,,image/jpeg,182,zac-182.jpg
172,ZAC-183/184-postal,Tarjeta postal a Zoila Aurora Cáceres,[ininteligible],[no disponible],[no aplica],[no aplica],"París, Francia",https://www.wikidata.org/wiki/Q90,[ininteligible],fra,cartón,texto,tarjeta postal,,zac-183-184-postal,,image/jpeg,183/184,zac-183-184.jpg
173,ZAC-185/186-recorte,Bibliographie,"Bloch, E. Henri",[no disponible],"Les Cinq Langues (París, 1901-1910)",https://n2t.net/ark:/13960/t37086w5c,"París, Francia",https://www.wikidata.org/wiki/Q90,[no disponible],fra,papel,texto,recorte,,zac-185-186-recorte,,image/jpeg,185/186,zac-185-186.jpg
174,ZAC-187/188-postal,Tarjeta postal a Zoila Aurora Cáceres,[ininteligible],[no disponible],[no aplica],[no aplica],"París, Francia",https://www.wikidata.org/wiki/Q90,1902-07-29,fra,cartón,texto,tarjeta postal,,zac-187-188-postal,,image/jpeg,187/188,zac-187-188.jpg
175,ZAC-187-nota,Nota a Zoila Aurora Cáceres,[ininteligible],[no disponible],[no aplica],[no aplica],"París, Francia",https://www.wikidata.org/wiki/Q90,[no disponible],fra,papel,texto,nota,,zac-187-nota,,image/jpeg,187,zac-187.jpg
176,ZAC-189-boceto,Boceto de Zoila Aurora Cáceres,[ininteligible],[no disponible],[no disponible],[no disponible],[no disponible],[no disponible],[no disponible],[no aplica],cartón,imagen,impresión (estampa individual),ZAC-239-foto1,zac-189-boceto,,image/jpeg,189,zac-189.jpg
177,ZAC-190/191-recorte,Eduardo Diez de Medina,[no disponible],[no disponible],La Crisálida,[no disponible],[no disponible],[no disponible],[no disponible],spa,papel,texto,recorte,,zac-190-191-recorte,,image/jpeg,190/191,zac-190-191.jpg
178,ZAC-190-foto,Fotografía de Luis Morote,[no disponible],[no disponible],[no disponible],[no disponible],[no disponible],[no disponible],[no disponible],[no aplica],papel,imagen,recorte,,zac-190-foto,,image/jpeg,190,zac-190.jpg
179,ZAC-192/193-tarjeta,Réception de l'Association Internationale de la Presse,Association Internationale de la Presse,[no disponible],[no aplica],[no aplica],"Ginebra, Suiza",https://www.wikidata.org/wiki/Q71,1906-09-18/1906-09-19,fra,cartón,texto,tarjeta,,zac-192-193-tarjeta,,image/jpeg,192/193,zac-192-193.jpg
,ZAC-194-pagina,[TODO] Página 194 del álbum (contiene 2 documentos),,,,,,,,,,,,,zac-194-pagina,,compound_object,194,zac-194.jpg
180,ZAC-194-recorte1,Americanismo,"Cáceres, Zoila Aurora, 1872-1958",https://www.wikidata.org/wiki/Q4822525,[no disponible],[no disponible],"París, Francia",https://www.wikidata.org/wiki/Q90,1906,spa,papel,texto,recorte,,zac-194-recorte1,zac-194-pagina,record,194,
181,ZAC-194-pase,Tessera di libero ingresso,Comune di Milano,[no disponible],[no disponible],[no disponible],"Milán, Italia",https://www.wikidata.org/wiki/Q490,[no disponible],ita,cartón,texto,pase,,zac-194-pase,zac-194-pagina,record,194,
182,ZAC-195-recorte2,Reverso de recorte,[no disponible],[no disponible],[no disponible],[no disponible],"Nueva York, Estados Unidos",https://www.wikidata.org/wiki/Q60,[no disponible],spa,papel,texto,recorte,,zac-195-recorte2,,image/jpeg,195,zac-195.jpg
183,ZAC-196-tarjeta,Five O'clock du Figaro,[no disponible],[no disponible],[no disponible],[no disponible],[no disponible],[no disponible],1910-06-11,fra,cartón,texto,tarjeta,,zac-196-tarjeta,,image/jpeg,196,zac-196.jpg
184,ZAC-197-foto,Portada de la revista Caras y Caretas,"Hernández Morillo, Daniel, 1856-1932",https://www.wikidata.org/wiki/Q3014183,Caras y Caretas,[no disponible],[no disponible],[no disponible],[no disponible],spa,papel fotográfico,imagen,fotografía,,zac-197-foto,,image/jpeg,197,zac-197.jpg
185,ZAC-198-foto,Retrato al carboncillo de Zoila Aurora Cáceres,"Hernández Morillo, Daniel, 1856-1932",https://www.wikidata.org/wiki/Q3014183,[no disponible],[no disponible],[no disponible],[no disponible],[no disponible],[no aplica],papel fotográfico,imagen,fotografía,,zac-198-foto,,image/jpeg,198,zac-198.jpg
186,ZAC-199/200-postal,Tarjeta postal a Zoila Aurora Cáceres,[ininteligible],[no disponible],[no aplica],[no aplica],"Brighton, Reino Unido",https://www.wikidata.org/wiki/Q131491,1908-07-27,spa,cartón,texto,tarjeta postal,,zac-199-200-postal,,image/jpeg,199/200,zac-199-200.jpg
,ZAC-201/202-pagina,[TODO] Página 201/202 del álbum (contiene 2 documentos),,,,,,,,,,,,,zac-201-202-pagina,,compound_object,201/202,zac-201-202.jpg
187,ZAC-201/202-postal1,Tarjeta postal a Zoila Aurora Cáceres,[ininteligible],[no disponible],[no aplica],[no aplica],"París, Francia",https://www.wikidata.org/wiki/Q90,1902,spa,cartón,texto,tarjeta postal,,zac-201-202-postal1,zac-201-202-pagina,record,201/202,
188,ZAC-201/202-postal2,Tarjeta postal a Zoila Aurora Cáceres,[ininteligible],[no disponible],[no aplica],[no aplica],"París, Francia",https://www.wikidata.org/wiki/Q90,1902-02-16,spa,cartón,texto,tarjeta postal,,zac-201-202-postal2,zac-201-202-pagina,record,201/202,
189,ZAC-203-nota,Nota a Zoila Aurora Cáceres,[ininteligible],[no disponible],[no aplica],[no aplica],[no disponible],[no disponible],[no disponible],spa,cartón,texto,nota,,zac-203-nota,,image/jpeg,203,zac-203.jpg
190,ZAC-203/204-postal,Tarjeta postal a Zoila Aurora Cáceres,[ininteligible],[no disponible],[no aplica],[no aplica],"París, Francia",https://www.wikidata.org/wiki/Q90,1902-04-11,spa,cartón,texto,tarjeta postal,,zac-203-204-postal,,image/jpeg,203/204,zac-203-204.jpg
191,ZAC-204-nota,Nota a Zoila Aurora Cáceres,[ininteligible],[no disponible],[no aplica],[no aplica],[no disponible],[no disponible],[no disponible],fra,cartón,texto,nota,,zac-204-nota,,image/jpeg,204,zac-204.jpg
192,ZAC-205-nota,Nota a Zoila Aurora Cáceres,[ininteligible],[no disponible],[no aplica],[no aplica],[no disponible],[no disponible],[no disponible],fra,cartón,texto,nota,,zac-205-nota,,image/jpeg,205,zac-205.jpg
193,ZAC-206-tarjeta1,Tarjeta de Docteur Potain,Potain,[no disponible],[no disponible],[no disponible],"París, Francia",https://www.wikidata.org/wiki/Q90,[no disponible],fra,cartón,texto,tarjeta,,zac-206-tarjeta1,,image/jpeg,206,zac-206.jpg
,ZAC-206/207-pagina,[TODO] Página 206/207 del álbum (contiene 2 documentos),,,,,,,,,,,,,zac-206-207-pagina,,compound_object,206/207,zac-206-207.jpg
194,ZAC-206/207-tarjeta2,"Tarjeta de Cosme Mivielle, Director de las Hijas de la Caridad","Mivielle, Cosme",[no disponible],[no disponible],[no disponible],[no disponible],[no disponible],[no disponible],fra,cartón,texto,tarjeta,,zac-206-207-tarjeta2,zac-206-207-pagina,record,206/207,
195,ZAC-206/207-nota,Nota a Zoila Aurora Cáceres,[ininteligible],[no disponible],[no disponible],[no disponible],[no disponible],[no disponible],1896-06-04,spa,cartón,texto,nota,,zac-206-207-nota,zac-206-207-pagina,record,206/207,
196,ZAC-208/209-postal,Tarjeta postal a Zoila Aurora Cáceres,[ininteligible],[no disponible],[no aplica],[no aplica],"París, Francia",https://www.wikidata.org/wiki/Q90,1908-06-13,fra,cartón,texto,tarjeta postal,,zac-208-209-postal,,image/jpeg,208/209,zac-208-209.jpg
197,ZAC-210/211-carta,Carta de L. Margueritte a Zoila Aurora Cáceres,"Margueritte, L.",[no disponible],[no aplica],[no aplica],"París, Francia",https://www.wikidata.org/wiki/Q90,[no disponible],fra,papel,texto,carta,,zac-210-211-carta,,image/jpeg,210/211,zac-210-211.jpg
,ZAC-212-pagina,[TODO] Página 212 del álbum (contiene 2 documentos),,,,,,,,,,,,,zac-212-pagina,,compound_object,212,zac-212.jpg
198,ZAC-212-tarjeta1,Fête Latine. Banquet Aurora de Caceres,[no disponible],[no disponible],Latina (París),[no disponible],"París, Francia",https://www.wikidata.org/wiki/Q90,1910-05-07,fra,cartón,texto,tarjeta,ZAC-212/213-tarjeta2,zac-212-tarjeta1,zac-212-pagina,record,212,
200,ZAC-212-recorte,Prisma,[no disponible],[no disponible],[no disponible],[no disponible],[no disponible],[no disponible],[no disponible],spa,papel,texto,recorte,,zac-212-recorte,zac-212-pagina,record,212,
199,ZAC-212/213-tarjeta2,"Banquet offert par la revue ""Latina"" à Madame Aurora de Caceres ",[no disponible],[no disponible],Latina (París),[no disponible],"París, Francia",https://www.wikidata.org/wiki/Q90,1910-05-07,fra,cartón,texto,tarjeta,"ZAC-212-tarjeta1, ZAC-198-foto",zac-212-213-tarjeta2,,image/jpeg,212/213,zac-212-213.jpg
201,ZAC-214/215-nota,Nota a Zoila Aurora Cáceres,[ininteligible],[no disponible],[no disponible],[no disponible],[no disponible],[no disponible],[no disponible],spa,cartón,texto,nota,,zac-214-215-nota,,image/jpeg,214/215,zac-214-215.jpg
202,ZAC-216-recorte,Carta de Lima,"Cáceres, Zoila Aurora, 1872-1958",https://www.wikidata.org/wiki/Q4822525,"El Grito del Pueblo (Guayaquil, 1895)",[no disponible],"Lima, Perú",https://www.wikidata.org/wiki/Q2868,1900-09-10,spa,papel,texto,recorte,,zac-216-recorte,,image/jpeg,216,zac-216.jpg
203,ZAC-217-recorte,Isthar,"Cáceres, Zoila Aurora, 1872-1958",https://www.wikidata.org/wiki/Q4822525,[no disponible],[no disponible],[no disponible],[no disponible],[no disponible],spa,papel,texto,recorte,ZAC-241-recorte,zac-217-recorte,,image/jpeg,217,zac-217.jpg
204,ZAC-218-recorte,Cartas europeas,"Cáceres, Zoila Aurora, 1872-1958",https://www.wikidata.org/wiki/Q4822525,"El Grito del Pueblo (Guayaquil, 1895)",[no disponible],"París, Francia",https://www.wikidata.org/wiki/Q90,1901-05,spa,papel,texto,recorte,,zac-218-recorte,,image/jpeg,218,zac-218.jpg
,ZAC-219-pagina,[TODO] Página 219 del álbum (contiene 2 documentos),,,,,,,,,,,,,zac-219-pagina,,compound_object,219,zac-219.jpg
205,ZAC-219-carta,Carta de la Baronesa de Wilson a Zoila Aurora Cáceres,"Wilson, Emilia Serrano, baronesa de, 1843-1922",https://www.wikidata.org/wiki/Q5830843,[no aplica],[no aplica],"Barcelona, España",https://www.wikidata.org/wiki/Q1492,1902-05-13,spa,papel,texto,carta,,zac-219-carta,zac-219-pagina,record,219,
206,ZAC-219-foto,Fotografía de Zoila Aurora Cáceres,[no disponible],[no disponible],[no disponible],[no disponible],[no disponible],[no disponible],[no disponible],[no aplica],papel,imagen,recorte,,zac-219-foto,zac-219-pagina,record,219,
207,ZAC-220/221-carta,Carta de Alvina v. P. de Sala a Zoila Aurora Cáceres,"Sala, Alvina van Praet de",https://www.wikidata.org/wiki/Q95749957,[no aplica],[no aplica],"Buenos Aires, Argentina",https://www.wikidata.org/wiki/Q1486,1903-03-18,spa,papel,texto,carta,ZAC-112-carta,zac-220-221-carta,,image/jpeg,220/221,zac-220-221.jpg
,ZAC-222-pagina,[TODO] Página 222 del álbum (contiene 2 documentos),,,,,,,,,,,,,zac-222-pagina,,compound_object,222,zac-222.jpg
208,ZAC-222-recorte,Espíritu burlón,"Cáceres, Zoila Aurora, 1872-1958",https://www.wikidata.org/wiki/Q4822525,[no disponible],[no disponible],"Tacna, Perú",https://www.wikidata.org/wiki/Q272795,[no disponible],spa,papel,texto,recorte,"ZAC-010-recorte2, ZAC-019-recorte2, ZAC-033-recorte",zac-222-recorte,zac-222-pagina,record,222,
209,ZAC-222-foto,Fotografía de público en una escenificación,[no disponible],[no disponible],[no disponible],[no disponible],[no disponible],[no disponible],[no disponible],[no aplica],papel fotográfico,imagen,fotografía,,zac-222-foto,zac-222-pagina,record,222,
210,ZAC-223/224-postal,Tarjeta postal de Pedro González y Campos a Enrique Gómez Carrillo,"González y Campos, Pedro",[no disponible],[no aplica],[no aplica],"París, Francia",https://www.wikidata.org/wiki/Q90,1906,spa,cartón,texto,tarjeta postal,,zac-223-224-postal,,image/jpeg,223/224,zac-223-224.jpg
211,ZAC-225/226-carta,Carta de Darío Perez a Zoila Aurora Cáceres,"Pérez García, Darío, 1869-1945",https://www.wikidata.org/wiki/Q28723513,"El Liberal (Barcelona, 1901-1935)",https://www.wikidata.org/wiki/Q28518824,"Barcelona, España",https://www.wikidata.org/wiki/Q1492,1902-05-22,spa,papel,texto,carta,,zac-225-226-carta,,image/jpeg,225/226,zac-225-226.jpg
,ZAC-227-pagina,[TODO] Página 227 del álbum (contiene 2 documentos),,,,,,,,,,,,,zac-227-pagina,,compound_object,227,zac-227.jpg
212,ZAC-227-foto,Fotografía de esculturas griegas,[no disponible],[no disponible],[no disponible],[no disponible],[no disponible],[no disponible],[no disponible],[no aplica],papel fotográfico,imagen,fotografía,ZAC-227-nota,zac-227-foto,zac-227-pagina,record,227,
213,ZAC-227-nota,Nota sobre fotografía de esculturas griegas,"Cáceres, Zoila Aurora, 1872-1958",https://www.wikidata.org/wiki/Q4822525,[no aplica],[no aplica],[no disponible],[no disponible],[no disponible],fra,papel,texto,nota,ZAC-227-foto,zac-227-nota,zac-227-pagina,record,227,
214,ZAC-228/230-carta,Carta a Zoila Aurora Cáceres,[ininteligible],[no disponible],[no aplica],[no aplica],"Lima, Perú",https://www.wikidata.org/wiki/Q2868,1906-05-29,spa,papel,texto,carta,,zac-228-230-carta,,multiple,228/230,
,ZAC-228/230-carta-p1,Página 1 de 3,,,,,,,,,,,,,zac-228-230-carta-p1,zac-228-230-carta,image/jpeg,228,zac-228.jpg
,ZAC-228/230-carta-p2,Página 2 de 3,,,,,,,,,,,,,zac-228-230-carta-p2,zac-228-230-carta,image/jpeg,229,zac-229.jpg
,ZAC-228/230-carta-p3,Página 3 de 3,,,,,,,,,,,,,zac-228-230-carta-p3,zac-228-230-carta,image/jpeg,230,zac-230.jpg
215,ZAC-231-foto,Retrato de un hombre,[no disponible],[no disponible],[no disponible],[no disponible],[no disponible],[no disponible],[no disponible],[no aplica],papel fotográfico,imagen,fotografía,,zac-231-foto,,image/jpeg,231,zac-231.jpg
216,ZAC-232/235-folleto,Folleto publicitario de la Compagnie Générale Transatlantique,Compagnie Générale Transatlantique,https://www.wikidata.org/wiki/Q1121065,[no aplica],[no aplica],"París, Francia",https://www.wikidata.org/wiki/Q90,[no disponible],fra,cartón,texto,folleto,,zac-232-235-folleto,,multiple,232/235,
,ZAC-232/235-folleto-p1,Página 1 de 4,,,,,,,,,,,,,zac-232-235-folleto-p1,zac-232-235-folleto,image/jpeg,232,zac-232.jpg
,ZAC-232/235-folleto-p2,Página 2 de 4,,,,,,,,,,,,,zac-232-235-folleto-p2,zac-232-235-folleto,image/jpeg,233,zac-233.jpg
,ZAC-232/235-folleto-p3,Página 3 de 4,,,,,,,,,,,,,zac-232-235-folleto-p3,zac-232-235-folleto,image/jpeg,234,zac-234.jpg
,ZAC-232/235-folleto-p4,Página 4 de 4,,,,,,,,,,,,,zac-232-235-folleto-p4,zac-232-235-folleto,image/jpeg,235,zac-235.jpg
217,ZAC-233/234-volante,Cabin passenger list,Compagnie Générale Transatlantique,https://www.wikidata.org/wiki/Q1121065,[no aplica],[no aplica],"Nueva York, Estados Unidos",https://www.wikidata.org/wiki/Q60,1906-02-22,eng,papel,texto,volante,,zac-233-234-volante,,image/jpeg,233/234,zac-233-234.jpg
218,ZAC-236-recorte,General Cáceres a las provincias cautivas,"Cáceres, Zoila Aurora, 1872-1958",https://www.wikidata.org/wiki/Q4822525,[no disponible],[no disponible],"Arica, Chile",https://www.wikidata.org/wiki/Q2203,[no disponible],spa,papel,texto,recorte,,zac-236-recorte,,image/jpeg,236,zac-236.jpg
219,ZAC-237/238-recorte,La mujer argentina,"Cáceres, Zoila Aurora, 1872-1958",https://www.wikidata.org/wiki/Q4822525,"Prisma (Lima, 1905-1907)",https://fuenteshistoricasdelperu.com/2020/06/12/prisma/,"Lima, Perú",https://www.wikidata.org/wiki/Q2868,1905-12,spa,papel,texto,recorte,,zac-237-238-recorte,,image/jpeg,237/238,zac-237-238.jpg
,ZAC-239-pagina,[TODO] Página 239 del álbum (contiene 2 documentos),,,,,,,,,,,,,zac-239-pagina,,compound_object,239,zac-239.jpg
220,ZAC-239-foto1,Fotografía de grupo,[no disponible],[no disponible],[no disponible],[no disponible],[no disponible],[no disponible],[no disponible],[no aplica],papel fotográfico,imagen,fotografía,"ZAC-239-foto2, ZAC-189-boceto",zac-239-foto1,zac-239-pagina,record,239,
221,ZAC-239-foto2,Fotografía de grupo,[no disponible],[no disponible],[no disponible],[no disponible],[no disponible],[no disponible],[no disponible],[no aplica],papel fotográfico,imagen,fotografía,ZAC-239-foto1,zac-239-foto2,zac-239-pagina,record,239,
222,ZAC-240-foto,Fotografía de Zoila Aurora Cáceres,[no disponible],[no disponible],[no disponible],[no disponible],[no disponible],[no disponible],[no disponible],[no aplica],papel fotográfico,imagen,fotografía,,zac-240-foto,,image/jpeg,240,zac-240.jpg
223,ZAC-241-recorte,Isthar,"Cáceres, Zoila Aurora, 1872-1958",https://www.wikidata.org/wiki/Q4822525,[no disponible],[no disponible],[no disponible],[no disponible],[no disponible],spa,papel,texto,recorte,ZAC-217-recorte,zac-241-recorte,,image/jpeg,241,zac-241.jpg
224,ZAC-242/243-postal,Tarjeta postal de la revista Latina,Latina (París),[no disponible],[no aplica],[no aplica],"París, Francia",https://www.wikidata.org/wiki/Q90,[no disponible],fra,cartón,texto,tarjeta postal,,zac-242-243-postal,,image/jpeg,242/243,zac-242-243.jpg
225,ZAC-242-carnet,Carné de Zoila Aurora Cáceres,Deutscher Frauen-Club,[no disponible],[no disponible],[no disponible],"Berlín, Alemania",https://www.wikidata.org/wiki/Q64,[no disponible],deu,cartón,texto,carné de identidad,,zac-242-carnet,,image/jpeg,242,zac-242.jpg
226,ZAC-244-recorte,Clorinda Matto de Turner,M.J.S,https://www.wikidata.org/wiki/Q463299,América Latina,[no disponible],[no disponible],[no disponible],[no disponible],spa,papel,texto,recorte,,zac-244-recorte,,image/jpeg,244,zac-244.jpg
227,ZAC-245/249-carta,Carta de Katharina Zitelmann [entrevista epistolar],"Zitelmann, Katharina, 1844-1926",https://www.wikidata.org/wiki/Q1736024,[no aplica],[no disponible],"Berlín, Alemania",https://www.wikidata.org/wiki/Q64,[no disponible],deu,papel,texto,carta,,zac-245-249-carta,,multiple,245/249,
,ZAC-245/249-carta-p1,Página 1 de 5,,,,,,,,,,,,,zac-245-249-carta-p1,zac-245-249-carta,image/jpeg,245,zac-245.jpg
,ZAC-245/249-carta-p2,Página 2 de 5,,,,,,,,,,,,,zac-245-249-carta-p2,zac-245-249-carta,image/jpeg,246,zac-246.jpg
,ZAC-245/249-carta-p3,Página 3 de 5,,,,,,,,,,,,,zac-245-249-carta-p3,zac-245-249-carta,image/jpeg,247,zac-247.jpg
,ZAC-245/249-carta-p4,Página 4 de 5,,,,,,,,,,,,,zac-245-249-carta-p4,zac-245-249-carta,image/jpeg,248,zac-248.jpg
,ZAC-245/249-carta-p5,Página 5 de 5,,,,,,,,,,,,,zac-245-249-carta-p5,zac-245-249-carta,image/jpeg,249,zac-249.jpg
228,ZAC-250-nota,Nota de von Tschirschky und Bögendorff a Enrique Gómez Carrillo,"Tschirschky, Heinrich von 1858-1915",https://www.wikidata.org/wiki/Q214006,[no aplica],[no disponible],"Berlín, Alemania",https://www.wikidata.org/wiki/Q64,1906-12-22,fra,papel,texto,nota,,zac-250-nota,,image/jpeg,250,zac-250.jpg
,ZAC-251-pagina,[TODO] Página 251 del álbum (contiene 5 documentos),,,,,,,,,,,,,zac-251-pagina,,compound_object,251,zac-251.jpg
229,ZAC-251-recorte1,Enrique Gómez Carrillo,[no disponible],[no disponible],"El Liberal (Madrid, 1879-1939)",https://www.wikidata.org/wiki/Q3327138,"Madrid, España",https://www.wikidata.org/wiki/Q2807,1906-06-01,spa,papel,texto,recorte,,zac-251-recorte1,zac-251-pagina,record,251,
230,ZAC-251-comprobante,Comprobante de Argus de la Presse,Argus de la Presse,https://www.wikidata.org/wiki/Q16650919,[no disponible],[no disponible],"París, Francia",https://www.wikidata.org/wiki/Q90,[no disponible],fra,papel,texto,comprobante,ZAC-251-recorte2,zac-251-comprobante,zac-251-pagina,record,251,
231,ZAC-251-recorte2,Nota sobre la boda de Zoila Aurora Cáceres con Enrique Gómez Carrillo,[no disponible],[no disponible],[ininteligible],[no disponible],"París, Francia",https://www.wikidata.org/wiki/Q90,1906-06-07,fra,papel,texto,recorte,ZAC-251-comprobante,zac-251-recorte2,zac-251-pagina,record,251,
232,ZAC-251-recorte3,Matrimonio,[no disponible],[no disponible],[no disponible],[no disponible],[no disponible],[no disponible],1906,spa,papel,texto,recorte,,zac-251-recorte3,zac-251-pagina,record,251,
233,ZAC-251-recorte4,Matrimonio,[no disponible],[no disponible],"La República (Guatemala, 1890-?)",https://archivo.rae.es/index.php/la-republica-diario-guatemala-1890,"Antigua, Guatemala",https://www.wikidata.org/wiki/Q212773,1906-07-02,spa,papel,texto,recorte,,zac-251-recorte4,zac-251-pagina,record,251,
234,ZAC-252/253-carta,Carta a Zoila Aurora Cáceres,[ininteligible],[no disponible],"Ateneo Científico, Literario y Artístico (1820-)",https://www.wikidata.org/wiki/Q2869328,"Madrid, España",https://www.wikidata.org/wiki/Q2807,[no disponible],spa,papel,texto,carta,,zac-252-253-carta,,image/jpeg,252/253,zac-252-253.jpg
,ZAC-254-pagina,[TODO] Página 254 del álbum (contiene 10 documentos),,,,,,,,,,,,,zac-254-pagina,,compound_object,254,zac-254.jpg
235,ZAC-254-recorte1,La boda de Gómez Carillo,[no disponible],[no disponible],"La República (Guatemala, 1890-?)",https://archivo.rae.es/index.php/la-republica-diario-guatemala-1890,"Antigua, Guatemala",https://www.wikidata.org/wiki/Q212773,1906-07-13,spa,papel,texto,recorte,,zac-254-recorte1,zac-254-pagina,record,254,
236,ZAC-254-recorte2,Matrimonio de Gómez Carrillo. Viaje a Italia,[no disponible],[no disponible],[no disponible],[no disponible],[no disponible],[no disponible],[no disponible],spa,papel,texto,recorte,,zac-254-recorte2,zac-254-pagina,record,254,
237,ZAC-254-comprobante1,Comprobante de Argus de la Presse,Argus de la Presse,https://www.wikidata.org/wiki/Q16650919,[no disponible],[no disponible],"París, Francia",https://www.wikidata.org/wiki/Q90,[no disponible],fra,papel,texto,comprobante,ZAC-254-recorte3,zac-254-comprobante1,zac-254-pagina,record,254,
238,ZAC-254-recorte3,Mariages,[no disponible],[no disponible],Amérique Latine (París),[no disponible],"París, Francia",https://www.wikidata.org/wiki/Q90,1906-05-29,fra,papel,texto,recorte,ZAC-254-comprobante1,zac-254-recorte3,zac-254-pagina,record,254,
239,ZAC-254-comprobante2,Comprobante de Argus de la Presse,Argus de la Presse,https://www.wikidata.org/wiki/Q16650919,[no disponible],[no disponible],"París, Francia",https://www.wikidata.org/wiki/Q90,[no disponible],fra,papel,texto,comprobante,ZAC-254-recorte4,zac-254-comprobante2,zac-254-pagina,record,254,
240,ZAC-254-recorte4,Communiques de mariages,[no disponible],[no disponible],"Le Matin (París, 1884-1944)",https://www.wikidata.org/wiki/Q3224404,"París, Francia",https://www.wikidata.org/wiki/Q90,1906-05-29,fra,papel,texto,recorte,ZAC-254-comprobante2,zac-254-recorte4,zac-254-pagina,record,254,
241,ZAC-254-comprobante3,Comprobante de Argus de la Presse,Argus de la Presse,https://www.wikidata.org/wiki/Q16650919,[no disponible],[no disponible],"París, Francia",https://www.wikidata.org/wiki/Q90,[no disponible],fra,papel,texto,comprobante,ZAC-254-recorte5,zac-254-comprobante3,zac-254-pagina,record,254,
242,ZAC-254-recorte5,Anuncio de la boda de Zoila Aurora Cáceres con Enrique Gómez Carrillo,[no disponible],[no disponible],"Le Figaro (París, 1826-)",https://www.wikidata.org/wiki/Q216047,"París, Francia",https://www.wikidata.org/wiki/Q90,1906-05-28,fra,papel,texto,recorte,ZAC-254-comprobante3,zac-254-recorte5,zac-254-pagina,record,254,
243,ZAC-254-comprobante4,Comprobante de Argus de la Presse,Argus de la Presse,https://www.wikidata.org/wiki/Q16650919,[no disponible],[no disponible],"París, Francia",https://www.wikidata.org/wiki/Q90,[no disponible],fra,papel,texto,comprobante,ZAC-254-recorte6,zac-254-comprobante4,zac-254-pagina,record,254,
244,ZAC-254-recorte6,Anuncio de la boda de Zoila Aurora Cáceres con Enrique Gómez Carrillo,[no disponible],[no disponible],"L'Écho de Paris (París, 1884-1938)",https://www.wikidata.org/wiki/Q3205139,"París, Francia",https://www.wikidata.org/wiki/Q90,1906-05-28,fra,papel,texto,recorte,ZAC-254-comprobante4,zac-254-recorte6,zac-254-pagina,record,254,
245,ZAC-256/258-carta,Carta de Gabriele Reuter a Zoila Aurora Cáceres,"Reuter, Gabriele, 1859-1941",https://www.wikidata.org/wiki/Q99301,[no aplica],[no aplica],"Berlín, Alemania",https://www.wikidata.org/wiki/Q64,,fra,papel,texto,carta,,zac-256-258-carta,,multiple,256/258,
,ZAC-256/258-carta-p1,Página 1 de 3,,,,,,,,,,,,,zac-256-258-carta-p1,zac-256-258-carta,image/jpeg,256,zac-256.jpg
,ZAC-256/258-carta-p2,Página 2 de 3,,,,,,,,,,,,,zac-256-258-carta-p2,zac-256-258-carta,image/jpeg,257,zac-257.jpg
,ZAC-256/258-carta-p3,Página 3 de 3,,,,,,,,,,,,,zac-256-258-carta-p3,zac-256-258-carta,image/jpeg,258,zac-258.jpg
,ZAC-259-pagina,[TODO] Página 259 del álbum (contiene 8 documentos),,,,,,,,,,,,,zac-259-pagina,,compound_object,259,zac-259.jpg
246,ZAC-259-comprobante1,Comprobante de Argus de la Presse,Argus de la Presse,https://www.wikidata.org/wiki/Q16650919,[no disponible],[no disponible],"París, Francia",https://www.wikidata.org/wiki/Q90,[no disponible],fra,papel,texto,comprobante,ZAC-259-recorte1,zac-259-comprobante1,zac-259-pagina,record,259,
247,ZAC-259-recorte1,Nota sobre la boda de Zoila Aurora Cáceres con Enrique Gómez Carrillo,[no disponible],[no disponible],"L'Intransigeant (París, 1880-1948)",https://www.wikidata.org/wiki/Q3204265,"París, Francia",https://www.wikidata.org/wiki/Q90,1906-06-08,fra,papel,texto,recorte,ZAC-259-comprobante1,zac-259-recorte1,zac-259-pagina,record,259,
248,ZAC-259-comprobante2,Comprobante de Argus de la Presse,Argus de la Presse,https://www.wikidata.org/wiki/Q16650919,[no disponible],[no disponible],"París, Francia",https://www.wikidata.org/wiki/Q90,[no disponible],fra,papel,texto,comprobante,ZAC-259-recorte2,zac-259-comprobante2,zac-259-pagina,record,259,
249,ZAC-259-recorte2,Gomez-Carrillo,Antéro,[no disponible],Revue Américaine (París),[no disponible],"París, Francia",https://www.wikidata.org/wiki/Q90,1906-07-15,fra,papel,texto,recorte,ZAC-259-comprobante2,zac-259-recorte2,zac-259-pagina,record,259,
250,ZAC-259-comprobante3,Comprobante de Argus de la Presse,Argus de la Presse,https://www.wikidata.org/wiki/Q16650919,[no disponible],[no disponible],"París, Francia",https://www.wikidata.org/wiki/Q90,[no disponible],fra,papel,texto,comprobante,ZAC-259-recorte3,zac-259-comprobante3,zac-259-pagina,record,259,
251,ZAC-259-recorte3,Publicaciones. Tarde de octubre,[no disponible],[no disponible],Diario de la Marina (Madrid),[no disponible],"Madrid, España",https://www.wikidata.org/wiki/Q2807,1906-10-12,spa,papel,texto,recorte,ZAC-259-comprobante3,zac-259-recorte3,zac-259-pagina,record,259,
252,ZAC-259-comprobante4,Comprobante de Argus de la Presse,Argus de la Presse,https://www.wikidata.org/wiki/Q16650919,[no disponible],[no disponible],"París, Francia",https://www.wikidata.org/wiki/Q90,[no disponible],fra,papel,texto,comprobante,ZAC-259-recorte4,zac-259-comprobante4,zac-259-pagina,record,259,
253,ZAC-259-recorte4,Nota sobre la boda de Zoila Aurora Cáceres con Enrique Gómez Carrillo,[no disponible],[no disponible],Écho (París),[no disponible],"París, Francia",https://www.wikidata.org/wiki/Q90,1906-06-05,fra,papel,texto,recorte,ZAC-259-comprobante4,zac-259-recorte4,zac-259-pagina,record,259,
254,ZAC-260-carta,Carta a Zoila Aurora Cáceres,[ininteligible],[no disponible],[no aplica],[no aplica],[no disponible],[no disponible],1907-09-25,fra,papel,texto,carta,,zac-260-carta,,image/jpeg,260,zac-260.jpg
255,ZAC-261-recorte,Notas sociales. Matrimonio entre intelectuales,[no disponible],[no disponible],"El Comercio (Lima, 1839-)",https://www.wikidata.org/wiki/Q1324020,"Lima, Perú",https://www.wikidata.org/wiki/Q2868,[no disponible],spa,papel,texto,recorte,,zac-261-recorte,,image/jpeg,261,zac-261.jpg
256,ZAC-262-carta,Carta a Zoila Aurora Cáceres,[ininteligible],[no disponible],[no aplica],[no aplica],"París, Francia",https://www.wikidata.org/wiki/Q90,1907-01-08,spa,papel,texto,carta,,zac-262-carta,,image/jpeg,262,zac-262.jpg
257,ZAC-263/264-carta,Carta de Michelangelo Draghetti a Zoila Aurora Cáceres,"Draghetti da Ferrara, Michelangelo",[no disponible],[no aplica],[no aplica],"Faenza, Italia",https://www.wikidata.org/wiki/Q52981,1907-08-30,ita,papel,texto,carta,,zac-263-264-carta,,image/jpeg,263/264,zac-263-264.jpg
258,ZAC-265-nota,"Nota sobre direcciones en Nancy, Francia","Cáceres, Zoila Aurora, 1872-1958",https://www.wikidata.org/wiki/Q4822525,[no aplica],[no aplica],[no disponible],[no disponible],[no disponible],fra,papel,texto,nota,,zac-265-nota,,image/jpeg,265,zac-265.jpg
259,ZAC-266/271-carta,Carta de Marie Robinson Wright a Zoila Aurora Cáceres,"Wright, Marie Robinson, 1866-1914",https://www.wikidata.org/wiki/Q56604012,[no aplica],[no aplica],"Río de Janeiro, Brasil",https://www.wikidata.org/wiki/Q8678,1907-06-01,eng,papel,texto,carta,,zac-266-271-carta,,multiple,266/271,
,ZAC-266/271-carta-p1,Página 1 de 6,,,,,,,,,,,,,zac-266-271-carta-p1,zac-266-271-carta,image/jpeg,266,zac-266.jpg
,ZAC-266/271-carta-p2,Página 2 de 6,,,,,,,,,,,,,zac-266-271-carta-p2,zac-266-271-carta,image/jpeg,267,zac-267.jpg
,ZAC-266/271-carta-p3,Página 3 de 6,,,,,,,,,,,,,zac-266-271-carta-p3,zac-266-271-carta,image/jpeg,268,zac-268.jpg
,ZAC-266/271-carta-p4,Página 4 de 6,,,,,,,,,,,,,zac-266-271-carta-p4,zac-266-271-carta,image/jpeg,269,zac-269.jpg
,ZAC-266/271-carta-p5,Página 5 de 6,,,,,,,,,,,,,zac-266-271-carta-p5,zac-266-271-carta,image/jpeg,270,zac-270.jpg
,ZAC-266/271-carta-p6,Página 6 de 6,,,,,,,,,,,,,zac-266-271-carta-p6,zac-266-271-carta,image/jpeg,271,zac-271.jpg
260,ZAC-272/283-borrador,Programa del Centro Social,"Cáceres, Zoila Aurora, 1872-1958",https://www.wikidata.org/wiki/Q4822525,[no aplica],[no aplica],[no disponible],[no disponible],[no disponible],spa,papel,texto,borrador (documento),,zac-272-283-borrador,,multiple,272/283,
,ZAC-272/283-borrador-p1,Página 1 de 12,,,,,,,,,,,,,zac-272-283-borrador-p1,zac-272-283-borrador,image/jpeg,272,zac-272.jpg
,ZAC-272/283-borrador-p2,Página 2 de 12,,,,,,,,,,,,,zac-272-283-borrador-p2,zac-272-283-borrador,image/jpeg,273,zac-273.jpg
,ZAC-272/283-borrador-p3,Página 3 de 12,,,,,,,,,,,,,zac-272-283-borrador-p3,zac-272-283-borrador,image/jpeg,274,zac-274.jpg
,ZAC-272/283-borrador-p4,Página 4 de 12,,,,,,,,,,,,,zac-272-283-borrador-p4,zac-272-283-borrador,image/jpeg,275,zac-275.jpg
,ZAC-272/283-borrador-p5,Página 5 de 12,,,,,,,,,,,,,zac-272-283-borrador-p5,zac-272-283-borrador,image/jpeg,276,zac-276.jpg
,ZAC-272/283-borrador-p6,Página 6 de 12,,,,,,,,,,,,,zac-272-283-borrador-p6,zac-272-283-borrador,image/jpeg,277,zac-277.jpg
,ZAC-272/283-borrador-p7,Página 7 de 12,,,,,,,,,,,,,zac-272-283-borrador-p7,zac-272-283-borrador,image/jpeg,278,zac-278.jpg
,ZAC-272/283-borrador-p8,Página 8 de 12,,,,,,,,,,,,,zac-272-283-borrador-p8,zac-272-283-borrador,image/jpeg,279,zac-279.jpg
,ZAC-272/283-borrador-p9,Página 9 de 12,,,,,,,,,,,,,zac-272-283-borrador-p9,zac-272-283-borrador,image/jpeg,280,zac-280.jpg
,ZAC-272/283-borrador-p10,Página 10 de 12,,,,,,,,,,,,,zac-272-283-borrador-p10,zac-272-283-borrador,image/jpeg,281,zac-281.jpg
,ZAC-272/283-borrador-p11,Página 11 de 12,,,,,,,,,,,,,zac-272-283-borrador-p11,zac-272-283-borrador,image/jpeg,282,zac-282.jpg
,ZAC-272/283-borrador-p12,Página 12 de 12,,,,,,,,,,,,,zac-272-283-borrador-p12,zac-272-283-borrador,image/jpeg,283,zac-283.jpg
,ZAC-284,Página en blanco,,,,,,,,,,,,,zac-284,,image/jpeg,284,zac-284.jpg
261,ZAC-285-carta,Carta de Julio Hernández a Zoila Aurora Cáceres,"Hernández, Julio S.",[no disponible],[no aplica],[no aplica],"Lima, Perú",https://www.wikidata.org/wiki/Q2868,1905-12,spa,papel,texto,carta,,zac-285-carta,,image/jpeg,285,zac-285.jpg
,ZAC-286-pagina,[TODO] Página 286 del álbum (contiene 2 documentos),,,,,,,,,,,,,zac-286-pagina,,compound_object,286,zac-286.jpg
262,ZAC-286-tarjeta1,Tarjeta de invitación a Zoila Aurora Cáceres,Association Lombarde des Journalistes,[no disponible],[ininteligible],[no disponible],"Milán, Italia",https://www.wikidata.org/wiki/Q490,1906-09-21,fra,cartón,texto,tarjeta,,zac-286-tarjeta1,zac-286-pagina,record,286,
263,ZAC-286-tarjeta2,Tarjeta de invitación a Zoila Aurora Cáceres,Association Lombarde des Journalistes,[no disponible],[ininteligible],[no disponible],"Milán, Italia",https://www.wikidata.org/wiki/Q490,1906-09-21,fra,cartón,texto,tarjeta,,zac-286-tarjeta2,zac-286-pagina,record,286,
,ZAC-287-pagina,[TODO] Página 287 del álbum (contiene 3 documentos),,,,,,,,,,,,,zac-287-pagina,,compound_object,287,zac-287.jpg
264,ZAC-287-postal,Tarjeta postal con fotografía de mujer y niña en mural con dibujo de avioneta [cartolina postale],[no disponible],[no disponible],[no disponible],[no disponible],[no disponible],[no disponible],[no disponible],ita,cartón,texto,tarjeta postal,,zac-287-postal,zac-287-pagina,record,287,
265,ZAC-287-foto,Fotografía de mujeres y hombres al lado de automóvil,[no disponible],[no disponible],[no disponible],[no disponible],[no disponible],[no disponible],[no disponible],[no aplica],papel fotográfico,imagen,fotografía,,zac-287-foto,zac-287-pagina,record,287,
266,ZAC-287-nota,Nota de M. Echeverría a Zoila Aurora Cáceres,"Echeverría, M.",[no disponible],[no disponible],[no disponible],"Buenos Aires, Argentina",https://www.wikidata.org/wiki/Q1486,[no disponible],spa,cartón,texto,nota,,zac-287-nota,zac-287-pagina,record,287,
267,ZAC-288/289-tarjeta,Tarjeta de invitación a banquete ,[no disponible],[no disponible],[no aplica],[no aplica],"Ginebra, Suiza",https://www.wikidata.org/wiki/Q71,1906-09-18,fra,cartón,texto,tarjeta,,zac-288-289-tarjeta,,image/jpeg,288/289,zac-288-289.jpg
,ZAC-290/291-pagina,[TODO] Página 290/291 del álbum (contiene 2 documentos),,,,,,,,,,,,,zac-290-291-pagina,,compound_object,290/291,zac-290-291.jpg
268,ZAC-290/291-tarjeta,Tarjeta de invitación a San Pellegrino,Associazione Lombarda dei Giornalisti,[no disponible],[no aplica],[no aplica],"Milán, Italia",https://www.wikidata.org/wiki/Q490,1906-09-23,fra,cartón,texto,tarjeta,,zac-290-291-tarjeta,zac-290-291-pagina,record,290/291,
269,ZAC-290/291-pase,Ingresso permanente al Toboga ed aeroplano,Società Anonima Toboga,[no disponible],[no disponible],[no disponible],"Milán, Italia",https://www.wikidata.org/wiki/Q490,1906,ita,cartón,texto,pase,,zac-290-291-pase,zac-290-291-pagina,record,290/291,
270,ZAC-292-tarjeta,Tarjeta de invitación a cena,"Mangili, Cesare, 1850-1917",https://www.wikidata.org/wiki/Q18758654,[no disponible],[no disponible],"Milán, Italia",https://www.wikidata.org/wiki/Q490,1906-09-24,fra,cartón,texto,tarjeta,,zac-292-tarjeta,,image/jpeg,292,zac-292.jpg
,ZAC-293,Página en blanco,,,,,,,,,,,,,zac-293,,image/jpeg,293,zac-293.jpg
271,ZAC-294-carta,Carta a Zoila Aurora Cáceres,[ininteligible],[no disponible],[no aplica],[no aplica],"París, Francia",https://www.wikidata.org/wiki/Q90,1907-10-29,spa,papel,texto,carta,,zac-294-carta,,image/jpeg,294,zac-294.jpg
272,ZAC-294/295-pase,Tessera temporanea stampa,Comité de la Exposición Universal de Milán,[no disponible],[no aplica],[no aplica],"Milán, Italia",https://www.wikidata.org/wiki/Q490,1906,ita,cartón,texto,pase,,zac-294-295-pase,,image/jpeg,294/295,zac-294-295.jpg
,ZAC-296-pagina,[TODO] Página 296 del álbum (contiene 2 documentos),,,,,,,,,,,,,zac-296-pagina,,compound_object,296,zac-296.jpg
273,ZAC-296-foto,Fotografía de Zoila Aurora Cáceres,[no disponible],[no disponible],América Literaria,[no disponible],[no disponible],[no disponible],[no disponible],[no aplica],papel,imagen,recorte,,zac-296-foto,zac-296-pagina,record,296,
274,ZAC-296-recorte,Zoila Aurora Cáceres,R. B. S.,[no disponible],América Literaria,[no disponible],"Callao, Perú",https://www.wikidata.org/wiki/Q105037,1903-04-24,spa,papel,texto,recorte,ZAC-296-foto,zac-296-recorte,zac-296-pagina,record,296,
275,ZAC-298/299-tarjeta,Christmas greetings,"Valencia, Tórtola, 1882-1955",https://www.wikidata.org/wiki/Q3819089,[no disponible],[no disponible],"Londres, Reino Unido",https://www.wikidata.org/wiki/Q84,[ininteligible],eng,cartón,texto,tarjeta,,zac-298-299-tarjeta,,image/jpeg,298/299,zac-298-299.jpg
,ZAC-299,Página en blanco,,,,,,,,,,,,,zac-299,,image/jpeg,299,zac-299.jpg
276,ZAC-300-afiche,Afiche de Tórtola Valencia. La bailarina de los pies desnudos,[no disponible],[no disponible],[no disponible],[no disponible],[no disponible],[no disponible],[no disponible],spa,papel,imagen,recorte,,zac-300-afiche,,image/jpeg,300,zac-300.jpg
277,ZAC-301-afiche,Afiche de Tórtola Valencia. Danza arcaica genuina del Perú,[no disponible],[no disponible],[no disponible],[no disponible],[no disponible],[no disponible],[no disponible],spa,papel,imagen,recorte,,zac-301-afiche,,image/jpeg,301,zac-301.jpg
,ZAC-302/303,Página en blanco,,,,,,,,,,,,,zac-302-303,,image/jpeg,302/303,zac-302-303.jpg
,ZAC-304,Tapa dura de álbum,,,,,,,,,,,,,zac-304,,image/jpeg,304,zac-304.jpg
